pl_name,hostname,disc_year,discoverymethod,pl_rade,pl_bmasse,pl_bmassprov,pl_orbper,pl_eqt,pl_insol,pl_orbsmax,st_teff,st_rad,st_mass,st_met,st_age,sy_dist
AU Mic b,AU Mic,2020,Transit,4.79,8.99,Mass,8.463446,554.8,21.2,0.07,3540,0.862,0.635,0.01,0.019,9.7221
AU Mic c,AU Mic,2021,Transit,2.79,14.46,Mass,18.859023,424.7,7.3,0.119,3540,0.862,0.635,0.01,0.019,9.7221
BD+20 594 b,BD+20 594,2016,Transit,2.57807,22.2481,Mass,41.6855,546,15.1513,0.241,5766,1.08,1.67,-0.15,3.34,179.461
BD-14 3065 b,BD-14 3065 A,2024,Transit,21.59,3932,Mass,4.2889731,2001,646.761,0.0656,6935,2.35,1.41,-0.34,2.24,589.423
CoRoT-1 b,CoRoT-1,2008,Transit,16.7,327.35,Mass,1.5089557,1898,2852.63,0.02752,5950,1.11,0.95,-0.3,1.6,787.909
CoRoT-10 b,CoRoT-10,2010,Transit,10.87,874,Mass,13.2406,600,16.1089,0.1055,5075,0.79,0.89,0.26,3,338.386
CoRoT-11 b,CoRoT-11,2010,Transit,16.03,740.51,Mass,2.99433,1657,1890.649,0.0436,6440,1.37,1.27,-0.03,2,655.037
CoRoT-12 b,CoRoT-12,2010,Transit,16.14,291.438,Mass,2.828042,1442,661.1334,0.04016,5675,1.116,1.078,0.16,6.3,1126.37
CoRoT-13 b,CoRoT-13,2010,Transit,9.92,415.704,Mass,4.03519,1700,546.5339,0.051,5945,1.01,1.09,0.01,1.635,1148.93
CoRoT-14 b,CoRoT-14,2010,Transit,12.22,2415.4,Mass,1.51214,1952,1803.4781,0.027,6035,1.21,1.13,0.05,4.2,1744.6
CoRoT-16 b,CoRoT-16,2011,Transit,13.11,170.032,Mass,5.35227,1195.53,96.1756,0.0618,5650,1.19,1.098,0.19,6.73,732.409
CoRoT-17 b,CoRoT-17,2011,Transit,11.43,772.29,Mass,3.7681,1626,640.9232,0.0461,5740,1.59,1.04,0,10.7,1176.12
CoRoT-18 b,CoRoT-18,2011,Transit,14.68,1102.82,Mass,1.9000693,1550,823.7009,0.0295,5440,1,0.95,-0.1,0.6,764.889
CoRoT-19 b,CoRoT-19,2011,Transit,14.46,352.78,Mass,3.89713,2000,1103.809,0.0518,6090,1.65,1.21,-0.02,5,790.663
CoRoT-2 b,CoRoT-2,2008,Transit,16.432,1102.82,Mass,1.7429935,1521,932.9076,0.02798,5625,0.906,0.96,0.04,2.7,213.283
CoRoT-20 b,CoRoT-20,2011,Transit,9.41556,1366.669,Mass,9.24285,1024,180.8704,0.09,5880,1.02,1.14,0.14,0.1,844.061
CoRoT-21 b,CoRoT-21,2012,Transit,14.5717,718.2958,Mass,2.72474,2044.44,2915.5997,0.0417,6200,1.95,1.29,0,4.1,1398.834197
CoRoT-22 b,CoRoT-22,2014,Transit,4.88,12.2,Mass,9.75598,885,121.8837,0.092,5939,1.136,1.099,0.17,3.3,627.158
CoRoT-23 b,CoRoT-23,2011,Transit,11.77,889.9,Mass,3.6313,1660,530.0221,0.048,5900,1.61,1.14,0.05,7.2,1060.97
CoRoT-24 b,CoRoT-24,2014,Transit,3.7,5.7,Mass,5.1134,1070,79.826,0.056,4950,0.86,0.91,0.3,11,591.555
CoRoT-24 c,CoRoT-24,2014,Transit,5,28,Mass,11.759,850,26.0656,0.098,4950,0.86,0.91,0.3,11,591.555
CoRoT-25 b,CoRoT-25,2013,Transit,12.11,85.81,Mass,4.86069,1330,414.1434,0.0578,6040,1.19,1.09,-0.01,4.5,1103.48
CoRoT-26 b,CoRoT-26,2013,Transit,14.12,165.26,Mass,4.20474,1600,1021.0065,0.0526,5590,1.79,1.09,0.01,8.6,1045.18
CoRoT-27 b,CoRoT-27,2014,Transit,11.287,3302.11,Mass,3.57532,1500,300.8697,0.0476,5900,1.08,1.05,-0.1,4.21,1010.28
CoRoT-28 b,CoRoT-28,2015,Transit,10.704595,153.82972,Mass,5.20851,1349.25,672.7522,0.0603,5150,1.78,1.01,0.15,12,766.183
CoRoT-29 b,CoRoT-29,2015,Transit,10.0881,270.1555,Mass,2.85057,1224.75,540.3673,0.0386,5260,0.9,0.97,0.2,4.5,806.507
CoRoT-3 b,CoRoT-3,2008,Transit,11.32,6883.91,Mass,4.2568,1695,735.4472,0.05783,6740,1.56,1.37,0.14,2.2,768.771
CoRoT-30 b,CoRoT-30,2020,Transit,11.309881,921.707,Mass,9.06005,894.6,89.2872,0.0844,5650,0.91,0.98,0.02,3,1032.23
CoRoT-31 b,CoRoT-31,2020,Transit,16.36514,266.9772,Mass,4.62941,1664.86,727.7611,0.0586,5700,2.15,1.25,0,4.7,2005.76
CoRoT-32 b,CoRoT-32,2018,Transit,6.38913,47.6745,Mass,6.71837,938,132.26,0.071,5970,0.79,1.08,0,,576.683
CoRoT-35 b,CoRoT-35,2022,Transit,18.83108758,349.6112477,Mass,3.22748,1747,1251.8629,0.0429,6390,1.65,1.01,-0.5,6.1,1123.21
CoRoT-36 b,CoRoT-36,2022,Transit,15.80466279,216.1233168,Mass,5.616531,1567,1491.0287,0.066,6730,1.52,1.32,-0.1,2.1,925.958
CoRoT-4 b,CoRoT-4,2008,Transit,13.34,228.83,Mass,9.20205,1074,203.9517,0.09,6190,1.17,1.16,0.05,1,726.412
CoRoT-5 b,CoRoT-5,2009,Transit,15.558,148.42,Mass,4.0378962,1438,786.2949,0.04947,6100,1.186,1,-0.25,6.9,882.472
CoRoT-6 b,CoRoT-6,2009,Transit,13.068,940.74,Mass,8.886593,1017,145.1436,0.0855,6090,1.025,1.05,-0.2,2.5,645.294
CoRoT-7 b,CoRoT-7,2009,Transit,1.68135,4.07660518,Mass,0.85359163,1756,1773.7952,0.017016,5275,0.83,0.82,0.05,1.8,159.906
CoRoT-8 b,CoRoT-8,2010,Transit,6.39,69.92,Mass,6.21229,870,19.817,0.063,5080,0.77,0.88,0.3,3,322.037
CoRoT-9 b,CoRoT-9,2009,Transit,11.948794,266.9772,Mass,95.272656,420,3.444,0.4021,5625,0.96,0.96,-0.01,6,412.98
DS Tuc A b,DS Tuc A,2019,Transit,5.7,413.179,Mass,8.138268,850,317.6063,,5428,0.964,1.01,0,0.045,44.0622
EPIC 201595106 b,EPIC 201595106,2021,Transit,1.565,7.67,Mass,0.87724,2038,2852,0.0177,5679,0.98,0.958,0.01,6,232.1
EPIC 211945201 b,EPIC 211945201,2018,Transit,5.76,11,Mass,19.49221,817,101,0.1493,6069,1.39,1.17,0.1,3.99,181.69
EPIC 220674823 b,EPIC 220674823,2016,Transit,1.606,7.54,Mass,0.57130782,2324,4467,0.0132,5578,0.99,0.913,-0.005,7.5,244.59
EPIC 220674823 c,EPIC 220674823,2016,Transit,2.712,7.9,Mass,13.340603,838,70,0.1078,5578,0.99,0.913,-0.005,7.5,244.59
EPIC 229004835 b,EPIC 229004835,2023,Transit,2.332,10.4,Mass,16.141132,804,69.7,0.1237,5868,0.999,0.97,-0.12,4.9,121.971
EPIC 246851721 b,EPIC 246851721,2018,Transit,11.780659,953.49,Mass,6.180235,1401,642,0.07229,6202,1.586,1.317,0.141,3.02,372.632
EPIC 248847494 b,EPIC 248847494,2018,Transit,12.44199,4131.79,Mass,3650,183,0.19,4.5,4898,2.7,0.9,-0.23,,551.886
EPIC 249893012 b,EPIC 249893012,2020,Transit,1.95,8.75,Mass,3.5951,1616,1037,0.047,5430,1.71,1.05,0.2,9,321.296
EPIC 249893012 c,EPIC 249893012,2020,Transit,3.67,14.67,Mass,15.624,990,160,0.13,5430,1.71,1.05,0.2,9,321.296
EPIC 249893012 d,EPIC 249893012,2020,Transit,3.94,10.18,Mass,35.747,752,53,0.22,5430,1.71,1.05,0.2,9,321.296
G 9-40 b,G 9-40,2019,Transit,1.9,4,Mass,5.7459982,440.6,6.27,0.0418,3395,0.3026,0.2952,-0.07,9.9,27.9276
GJ 1132 b,GJ 1132,2015,Transit,1.19151465,1.83704819,Mass,1.62892911,583.8,19.3,0.0157,3229,0.2211,0.1945,-0.17,5,12.613
GJ 1214 b,GJ 1214,2009,Transit,2.733,8.41,Mass,1.580404531,567,17.2,0.01505,3101,0.2162,0.182,0.24,3,14.6427
GJ 1252 b,GJ 1252,2020,Transit,1.193,1.32,Mass,0.5182331,1090,233,0.00915,3458,0.391,0.381,0.1,3.9,20.373
GJ 143 b,GJ 143,2019,Transit,2.61,22.7,Mass,35.61253,422,7.0423,0.1915,4640,0.695,0.73,0.003,3.8,16.32
GJ 3090 b,GJ 3090,2022,Transit,2.18,4.52,Mass,2.85310198,723,45.4,0.0316,3707,0.516,0.519,0.12,,22.4751
GJ 341 b,GJ 341,2025,Transit,0.88,4,Mass,7.57686,629,13.8,,3770,0.5066,0.48,-0.16,,10.454
GJ 3473 b,GJ 3473,2020,Transit,1.264,1.86,Mass,1.1980035,773,59.4,0.01589,3347,0.364,0.36,0.11,,27.3644
GJ 357 b,GJ 357,2019,Transit,1.2,1.83,Mass,3.9306,518,12.6,0.036,3505,0.337,0.342,-0.12,,9.44181
GJ 367 b,GJ 367,2021,Transit,0.736,0.503,Mass,0.3219226,1329,579,0.0071,3535,0.457,0.451,-0.01,,9.41263
GJ 3929 b,GJ 3929,2022,Transit,1.09,1.75,Mass,2.616235,568,17.3,0.0252,3384,0.32,0.313,-0.02,7.1,15.8095
GJ 806 b,GJ 806,2023,Transit,1.331,1.9,Mass,0.9263237,940,130,0.01406,3600,0.4144,0.413,-0.28,5,12.0445
GJ 9827 b,GJ 9827,2017,Transit,1.44,4.28,Mass,1.208974,1035.01,318,0.0189,4236,0.58,0.62,-0.29,5.465,29.661
GJ 9827 c,GJ 9827,2017,Transit,1.13,1.86,Mass,3.648103,715.94,73,0.0395,4236,0.58,0.62,-0.29,5.465,29.661
GJ 9827 d,GJ 9827,2017,Transit,1.98,3.02,Mass,6.20183,675,34.9,0.053,4236,0.58,0.62,-0.29,5.465,29.661
GPX-1 b,GPX-1,2021,Transit,16.47720163,6261.219618,Mass,1.744579,2300,4650,0.0338,7000,1.56,1.68,0.35,0.27,655.013
Gliese 12 b,Gliese 12,2024,Transit,0.93,0.95,Mass,12.761418,314.6,1.62,0.067,3328,0.265,0.255,-0.24,7,12.21
HAT-P-1 b,HAT-P-1,2006,Transit,14.784671,166.86075,Mass,4.46529976,1322,259.687,0.05561,5980,1.174,1.151,0.13,3.6,158.979
HAT-P-11 b,HAT-P-11,2010,Transit,4.36,25,Mass,4.888,838,100.77,0.05258,4653,0.683,0.811,0.31,2.69,37.7647
HAT-P-12 b,HAT-P-12,2009,Transit,10.749,67.059,Mass,3.2130598,963,118.075,0.0384,4650,0.701,0.733,-0.29,2.5,142.751
HAT-P-13 b,HAT-P-13,2009,Transit,14.258,270.462,Mass,2.91625,1740,1978.5245,0.04383,5653,1.756,1.32,0.46,5,246.81
HAT-P-14 b,HAT-P-14,2010,Transit,15.91678,1093.3352,Mass,4.62767,1624,1038.78,0.0596,6600,1.82,2.65,0.11,1.6,222.663
HAT-P-15 b,HAT-P-15,2010,Transit,11.88154,616.5902,Mass,10.8635,904,79.7578,0.0965,5568,1.07,1,0.22,6.8,192.516
HAT-P-16 b,HAT-P-16,2010,Transit,14.68376472,1341.56043,Mass,2.77596727,1566,1597.59,0.0413,6140,1.158,1.218,0.17,0.5,226.637
HAT-P-17 b,HAT-P-17,2012,Transit,11.76945,184.3414,Mass,10.33852,800,110.512,0.0892,5246,0.87,0.99,0,7,92.3831
HAT-P-18 b,HAT-P-18,2010,Transit,10.70457657,55.5246227,Mass,5.5080291,841,82.2407,0.0559,4870,0.717,0.77,0.1,12.4,161.4
HAT-P-19 b,HAT-P-19,2010,Transit,11.29865255,88.03846874,Mass,4.00878322,981.2,154,0.04599,4962,0.773,0.807,0.166,7.2,202.078
HAT-P-2 b,HAT-P-2,2007,Transit,10.659759,2866.812231,Mass,5.6335158,1540,588.518,0.06814,6380,1.39,1.33,0.18,1.44,127.774
HAT-P-20 b,HAT-P-20,2010,Transit,9.718,2302.899,Mass,2.875317,970,85.1168,0.0361,4595,0.694,0.756,0.35,6.7,71.0374
HAT-P-21 b,HAT-P-21,2010,Transit,12.44199,1547.8321,Mass,4.12448,1367,459.542,0.05037,5588,1.21,1.24,0.01,10.2,277.278
HAT-P-22 b,HAT-P-22,2010,Transit,12.89035,785.0401,Mass,3.21222,1463,325.569,0.0414,5302,1.11,1.13,0.24,12.4,81.7647
HAT-P-23 b,HAT-P-23,2010,Transit,15.334,664.237,Mass,1.212884,2056,2796.2342,0.0232,5905,1.203,1.13,0.15,4,364.813
HAT-P-24 b,HAT-P-24,2010,Transit,14.5717,238.3725,Mass,3.35524,1637,1294.929,0.04651,6373,1.38,1.37,-0.16,2.8,415.344
HAT-P-25 b,HAT-P-25,2012,Transit,12.722215,180.84527,Mass,3.65281514,1182,325,0.0466,5519,0.919,1.012,0.294,3.2,300.384
HAT-P-26 b,HAT-P-26,2010,Transit,7.06167,22.2481,Mass,4.23452,1080,185.0743,0.04748,5079,0.87,1.12,-0.04,9,141.837
HAT-P-27 b,HAT-P-27,2011,Transit,11.43,197.05,Mass,3.039577,1091.99,336.0384,0.04,5316,0.864673,0.916,0.3,4.4,199.173
HAT-P-28 b,HAT-P-28,2011,Transit,13.585,198.953,Mass,3.257215,1384,554.7122,0.0434,5680,1.103,1.025,0.12,6.1,401.319
HAT-P-29 b,HAT-P-29,2011,Transit,13.11453,279.6904,Mass,5.72319,1281,433,0.0667,6087,1.3,1.45,0.21,2.2,313.576
HAT-P-3 b,HAT-P-3,2007,Transit,10.53646,206.5895,Mass,2.8997,1189,176.587,0.03866,5185,0.87,1.06,0.27,1.6,134.554
HAT-P-30 b,HAT-P-30,2011,Transit,16.14096,263.7989,Mass,2.8106,1630,1467.9573,0.0419,6304,1.31,1.55,0.13,1,213.985
HAT-P-31 b,HAT-P-31,2011,Transit,12.21781,721.4741,Mass,5.00542,1450,746.9025,0.061,6065,1.39,1.31,0.15,3.17,344.05
HAT-P-32 b,HAT-P-32,2011,Transit,22.19382,216.1244,Mass,2.1500082,1835.7,1841,0.03397,6001,1.367,1.132,-0.16,2.7,289.205
HAT-P-33 b,HAT-P-33,2011,Transit,20.73665,292.4036,Mass,3.47447,1782,1701.38,0.04995,6446,1.79,1.82,0.05,2.3,396.11
HAT-P-34 b,HAT-P-34,2011,Transit,13.417173,1058.3739,Mass,5.452654,1520,433.78,0.06774,6442,1.53,1.392,0.22,1.7,249.325
HAT-P-35 b,HAT-P-35,2011,Transit,14.930388,335.62848,Mass,3.646706,1581,999.6688,0.04978,6096,1.435,1.236,0.11,3.5,506.965
HAT-P-36 b,HAT-P-36,2011,Transit,14.313893,587.413406,Mass,1.32734683,1780.97,1821,0.0241,5620,1.041,1.03,0.25,6.6,294.419
HAT-P-37 b,HAT-P-37,2011,Transit,13.204,371.528,Mass,2.797436,1271,412.3914,0.0379,5500,0.877,0.929,0.03,3.6,390.594
HAT-P-38 b,HAT-P-38,2012,Transit,9.247,84.857,Mass,4.640382,1082,243.0337,0.0523,5330,0.923,0.886,0.06,10.1,255.206
HAT-P-39 b,HAT-P-39,2012,Transit,17.609,190.372,Mass,3.54387,1752,1915.6934,0.0509,6430,1.625,1.404,0.19,2,697.004
HAT-P-4 b,HAT-P-4,2007,Transit,14.28,213.255,Mass,3.056536,1686,1438,0.04438,5860,1.596,1.248,0.24,3.9,320.451
HAT-P-40 b,HAT-P-40,2012,Transit,17.03768,152.5584,Mass,4.45724,1770,1747.4151,0.0608,6080,1.94,1.03,0.22,2.7,464.469
HAT-P-41 b,HAT-P-41,2012,Transit,22.97845,378.2177,Mass,2.69405,1941,2485.0721,0.04258,6390,2.05,2.56,0.21,2.2,348.185
HAT-P-42 b,HAT-P-42,2012,Transit,14.348,331.801,Mass,4.641878,1428,684.0973,0.0575,5743,1.53,1.178,0.27,5.2,405.238
HAT-P-43 b,HAT-P-43,2012,Transit,13.63,210.395,Mass,3.3326414,1353,521.877,0.0444,5693,1.08,1.03,0.2,5.7,528.825
HAT-P-44 b,HAT-P-44,2014,Transit,13.922,111.871,Mass,4.301219,1108,185.119,0.0507,5295,0.949,0.942,0.33,7.5,347.85
HAT-P-45 b,HAT-P-45,2014,Transit,15.984,283.492,Mass,3.128992,1652,1052.239,0.0452,6330,1.319,1.259,0.07,2,298.64
HAT-P-46 b,HAT-P-46,2014,Transit,14.392,156.684,Mass,4.463129,1458,1405.4798,0.0577,6120,1.396,1.284,0.3,2.5,290.736
HAT-P-47 b,HAT-P-47,2026,Transit,14.71739166,65.47265184,Mass,4.73217441,1605,379.567,,6703,1.515,1.387,-0.026,1.5,282.096
HAT-P-49 b,HAT-P-49,2014,Transit,17.82231,699.226,Mass,2.69155,2131,4392.03,0.04378,6820,2.06,2.22,0.07,1.5,350.351
HAT-P-5 b,HAT-P-5,2007,Transit,13.56289,311.4734,Mass,2.78849,1517,850.6754,0.04073,5960,1.12,1.04,0.24,2.6,303.336
HAT-P-50 b,HAT-P-50,2015,Transit,14.437192,429.0705,Mass,3.1220109,1862,2108.4362,0.0453,6280,1.698,1.273,-0.18,3.37,515.458
HAT-P-51 b,HAT-P-51,2015,Transit,13.50682174,97.57332095,Mass,4.21802091,1168.2,310,0.05042,5453,0.995,0.961,0.302,8.1,440.089
HAT-P-52 b,HAT-P-52,2015,Transit,11.309881,259.98494,Mass,2.7535953,1218,227.759,0.03694,5131,0.893,0.887,0.28,9.4,361.155
HAT-P-53 b,HAT-P-53,2015,Transit,14.773462,471.65972,Mass,1.9616241,1778,1400.0226,0.03159,5956,1.209,1.093,0,4.67,666.802
HAT-P-54 b,HAT-P-54,2015,Transit,10.581296,241.5508,Mass,3.799847,818,88.6713,0.04117,4390,0.617,0.645,-0.127,3.9,143.651
HAT-P-55 b,HAT-P-55,2015,Transit,14.84069045,189.4257306,Mass,3.5852313,1367,583,0.04628,5804,1.105,1.028,0.003,5.3,511.388
HAT-P-56 b,HAT-P-56,2015,Transit,16.92559,734.1873,Mass,2.79083,1840,3515,0.0423,6566,1.47,1.42,0,2.01,320.639
HAT-P-57 b,HAT-P-57,2015,Transit,19.50366,448.1403,Mass,2.4653,2200,2726.6328,0.0406,6330,1.85,2.77,-0.25,1,279.86
HAT-P-58 b,HAT-P-58,2021,Transit,14.93036229,118.2321674,Mass,4.0138379,1622,1146,0.04994,6078,1.53,1.031,-0.224,7.11,515.59
HAT-P-59 b,HAT-P-59,2021,Transit,12.58768533,489.4557468,Mass,4.1419771,1277.8,441.4,0.05064,5678,1.1038,1.008,0.217,7.3,265.471
HAT-P-6 b,HAT-P-6,2007,Transit,16.58932,419.5356,Mass,3.85298,1675,1099.44,0.05239,6570,1.62,1.79,-0.13,2.3,275.358
HAT-P-60 b,HAT-P-60,2021,Transit,18.28184752,182.4335056,Mass,4.7947813,1772,1634,0.06277,6212,2.197,1.435,0.037,2.765,233.22
HAT-P-61 b,HAT-P-61,2021,Transit,10.07687365,335.9446262,Mass,1.90231289,1505,849.5,0.0301,5587,0.938,1.004,0.194,2.6,338.84
HAT-P-62 b,HAT-P-62,2021,Transit,12.02723629,241.8674177,Mass,2.6453235,1512,867.2,0.03772,5629,1.17,1.023,0.414,8.1,348.815
HAT-P-63 b,HAT-P-63,2021,Transit,12.5428494,195.1466419,Mass,3.377728,1237,387.4,0.04294,5400,0.9661,0.925,0.251,9,403.458
HAT-P-64 b,HAT-P-64,2021,Transit,19.08889413,184.3404761,Mass,4.007232,1766,1611,0.05387,6457,1.735,1.298,-0.113,2.88,651.897
HAT-P-65 b,HAT-P-65,2016,Transit,18.05766791,176.0769375,Mass,2.60544751,1818,1821,0.04042,5872,1.666,1.297,0.208,3.9,738.519
HAT-P-66 b,HAT-P-66,2016,Transit,17.82231,248.86089,Mass,2.972086,1896,1939.51,0.04363,6002,1.881,1.255,0.035,4.66,935.456
HAT-P-67 b,HAT-P-67,2017,Transit,23.9872187,143.0227832,Mass,4.8101069,1903,2029.17,0.06505,6640,2.62,1.73,0.14,1.46,371.686
HAT-P-68 b,HAT-P-68,2020,Transit,12.016048,230.10892,Mass,2.29840551,1027.8,184.8,0.02996,4508,0.6701,0.6785,-0.059,11.1,202.152
HAT-P-69 b,HAT-P-69,2019,Transit,18.786284,1137.8314,Mass,4.7869491,1930,2320.18,0.06555,7394,1.926,1.648,-0.069,1.27,341.263
HAT-P-7 b,HAT-P-7,2008,Transit,16.92559,584.8072,Mass,2.20474,2733,4353.408,0.03809,6389,2,1.56,0.26,1.78,341.079
HAT-P-70 b,HAT-P-70,2019,Transit,20.96083,2154.8874,Mass,2.74432452,2562,5405.6,0.04739,8450,1.858,1.89,-0.059,0.6,330.739
HAT-P-8 b,HAT-P-8,2008,Transit,15.6926,406.8224,Mass,3.07634,1713,1519.9645,0.04496,6200,1.57,1.27,0.01,3.4,211.553
HAT-P-9 b,HAT-P-9,2008,Transit,15.614137,238.05467,Mass,3.92281072,1540,931,0.05287,6350,1.338,1.281,0.12,1.6,455.203
HATS-1 b,HATS-1,2012,Transit,14.594,589.55,Mass,3.446459,1359,489.9461,0.0444,5870,1.038,0.986,-0.06,6,283.971
HATS-10 b,HATS-10,2015,Transit,10.861521,167.17858,Mass,3.312846,1407,836.8558,0.04491,5880,1.105,1.101,0.15,3.3,534.889
HATS-11 b,HATS-11,2016,Transit,18.03,263.7989,Mass,3.619188,1596,1027.296,0.0507,6563,1.54,1.33,0.03,7.7,944.603
HATS-12 b,HATS-12,2016,Transit,7.76,759.6137,Mass,3.142702,1446,566.4817,0.0441,6357,1.17,1.16,-0.1,2.36,746.138
HATS-13 b,HATS-13,2015,Transit,13.585308,172.58169,Mass,3.0440499,1244,315.9878,0.04057,5523,0.887,0.962,0.05,2.5,421.855
HATS-14 b,HATS-14,2015,Transit,11.646151,340.39593,Mass,2.7667641,1276,505.884,0.03815,5346,0.933,0.967,0.33,4.9,513.011
HATS-15 b,HATS-15,2016,Transit,12.385945,689.6911,Mass,1.74748753,1505,2201.3363,0.02712,5311,0.922,0.871,0,11,1139.55
HATS-16 b,HATS-16,2016,Transit,14.5717,1039.3041,Mass,2.686502,1592,994.8095,0.03744,5738,1.238,0.97,-0.1,9.5,757.044
HATS-17 b,HATS-17,2016,Transit,8.709393,425.25654,Mass,16.254611,814,72.7,0.1308,5846,1.091,1.131,0.3,2.1,400.331
HATS-18 b,HATS-18,2016,Transit,14.896761,629.144485,Mass,0.83784,2069.48,2990,0.0174,5600,1.02,1.037,0.28,4.2,624.368
HATS-2 b,HATS-2,2013,Transit,12.57647635,435.4249176,Mass,1.35413379,1550,950.0563,0.02317,5227,0.876,0.904,0.15,7.2,341.925
HATS-22 b,HATS-22,2017,Transit,10.682177,870.8542,Mass,4.7228124,858,111.299,0.05025,4803,0.689,0.759,0,,229.518
HATS-23 b,HATS-23,2017,Transit,20.84874,467.2101,Mass,2.1605156,1654,994.8004,0.03397,5780,1.199,1.121,0.28,4.2,639.004
HATS-24 b,HATS-24,2017,Transit,15.636555,718.2958,Mass,1.3484978,2166,2706.9606,0.0238,6125,1.12,1.07,-0.229,3.7,494.182
HATS-25 b,HATS-25,2016,Transit,14.12334,194.82979,Mass,4.2986432,1277,454.8721,0.05163,5715,1.107,0.994,0.02,7.5,471.158
HATS-26 b,HATS-26,2016,Transit,19.61575,206.5895,Mass,3.3023881,1918,2236.5716,0.04735,6071,2.04,1.299,-0.02,4.04,861.843
HATS-27 b,HATS-27,2016,Transit,16.8135,168.4499,Mass,4.637038,1659,1342.5733,0.0611,6438,1.74,1.415,0.09,2.3,816.988
HATS-28 b,HATS-28,2016,Transit,13.383546,213.58176,Mass,3.1810781,1253,407.8485,0.04131,5498,0.922,0.929,0.01,6.2,535.383
HATS-29 b,HATS-29,2016,Transit,14.022459,207.54299,Mass,4.6058749,1212,356,0.05475,5670,1.073,1.032,0.16,5.5,353.891
HATS-3 b,HATS-3,2013,Transit,15.48,340.382,Mass,3.547851,1648,1212.0044,0.0485,6351,1.404,1.209,-0.157,3.2,411.211
HATS-30 b,HATS-30,2016,Transit,13.170575,224.38798,Mass,3.1743516,1414,718.9097,0.04354,5943,1.061,1.093,0.06,2.3,342.14
HATS-31 b,HATS-31,2016,Transit,18.38276,279.6904,Mass,3.37796,1823,1619.406,0.0478,6050,1.87,1.275,0,4.3,773.974
HATS-32 b,HATS-32,2016,Transit,14.000041,292.4036,Mass,2.8126548,1437,614.5934,0.04024,5700,1.097,1.099,0.39,3.5,745.116
HATS-33 b,HATS-33,2016,Transit,13.78707,378.85336,Mass,2.5495551,1429,757.1284,0.03727,5659,1.022,1.062,0.29,3,248.46
HATS-34 b,HATS-34,2016,Transit,16.02887,299.07803,Mass,2.1061607,1445,691.8428,0.03166,5380,0.98,0.955,0.25,7.7,508.842
HATS-35 b,HATS-35,2016,Transit,16.409976,388.38826,Mass,1.8209993,2037,2440.7,0.03199,6300,1.433,1.317,0.21,2.13,514.555
HATS-36 b,HATS-36,2018,Transit,12.92,1022.14128,Mass,4.175186,1203,561,0.0523,5950,1.1,1.1,0.15,0.62,856.436
HATS-37 A b,HATS-37 A,2020,Transit,6.792654,31.46517,Mass,4.3315366,1085,229.7,0.04913,5326,0.877,0.843,0.051,11.46,211.896
HATS-38 b,HATS-38,2020,Transit,6.882326,23.51942,Mass,4.375021,1294,464.7,0.05036,5732,1.105,0.89,-0.102,11.89,343.525
HATS-39 b,HATS-39,2018,Transit,17.59813,200.2329,Mass,4.5776348,1645,1547.1014,0.06007,6572,1.621,1.379,0,2.06,878.521
HATS-4 b,HATS-4,2014,Transit,11.433,420.471,Mass,2.516729,1315,558.828,0.0362,5403,0.925,1.001,0.43,2.1,416.459
HATS-40 b,HATS-40,2018,Transit,17.71022,505.3497,Mass,3.2642736,2101,3163.3762,0.04997,6460,2.26,1.561,0.01,2.07,1342.29
HATS-41 b,HATS-41,2018,Transit,14.90797,3082.951,Mass,4.193649,1710,1300.3125,0.0583,6424,1.71,1.496,0.47,1.34,737.668
HATS-42 b,HATS-42,2018,Transit,15.6926,597.5204,Mass,2.292102,1856,1637.2058,0.03689,6060,1.48,1.273,0.22,3.26,800.377
HATS-43 b,HATS-43,2018,Transit,13.22662,82.95363,Mass,4.3888497,1003,192.2328,0.04944,5099,0.812,0.837,0.05,8.6,362.273
HATS-44 b,HATS-44,2018,Transit,11.960003,177.9848,Mass,2.7439004,1161,306.417,0.03649,5080,0.847,0.86,0.32,9.7,446.035
HATS-45 b,HATS-45,2018,Transit,14.414774,222.481,Mass,4.1876244,1518,811.3504,0.05511,6450,1.315,1.272,0.02,1.52,772.11
HATS-46 b,HATS-46,2018,Transit,10.121727,54.98459,Mass,4.7423729,1054,209.7699,0.05367,5495,0.853,0.917,-0.06,3,453.808
HATS-47 b,HATS-47,2020,Transit,12.520453,117.27927,Mass,3.9228038,852.9,87.73,0.04269,4512,0.6564,0.674,-0.113,8.1,300.67
HATS-48 A b,HATS-48 A,2020,Transit,8.9672,77.23269,Mass,3.1316666,954.6,137.6,0.03769,4546,0.7152,0.7279,0.186,11.97,263.609
HATS-49 b,HATS-49,2020,Transit,8.574885,112.19399,Mass,4.1480467,834.8,80.45,0.04515,4405,0.6977,0.7133,0.208,10.5,324.413
HATS-5 b,HATS-5,2014,Transit,10.223,75.323,Mass,4.763387,1025,183.2395,0.0542,5304,0.871,0.936,0.19,3.6,246.384
HATS-52 b,HATS-52,2017,Transit,15.490838,711.9392,Mass,1.36665436,1834,1310.22,0.02498,6010,1.046,1.111,-0.2843,1.2,555.134
HATS-54 b,HATS-54,2019,Transit,11.37711541,239.3247905,Mass,2.5441765,1429,476.965,0.037,5621,1.23,1.05,0.37,7.96,748.585
HATS-55 b,HATS-55,2019,Transit,14.022459,292.72143,Mass,4.2042001,1367,355.909,0.05412,6214,1.126,1.1955,0.108,0.4,609.838
HATS-56 b,HATS-56,2019,Transit,18.920792,191.33366,Mass,4.324799,1902,1080.87,0.06043,6536,2.201,1.573,0.19,1.894,564.409
HATS-57 b,HATS-57,2019,Transit,12.767051,1000.21101,Mass,2.350621,1413.4,570.233,0.03493,5587,0.96,1.026,0.268,2.5,279.485
HATS-59 b,HATS-59,2018,Transit,12.621334,256.17098,Mass,5.416081,1128,269,0.06112,5670,1.036,1.038,0.18,4.3,642.884
HATS-6 b,HATS-6,2015,Transit,11.186582,101.38777,Mass,3.3252725,712.8,47.3315,0.03623,3724,0.57,0.574,0.2,8.1,169.318
HATS-60 b,HATS-60,2018,Transit,12.923977,210.40346,Mass,3.560829,1528,903.9,0.04708,5688,1.46,1.097,0.335,7.55,486.474
HATS-61 b,HATS-61,2018,Transit,13.394755,1080.622,Mass,7.817953,1226.1,374.2,0.07908,5542,1.664,1.076,0.247,8.9,679.761
HATS-62 b,HATS-62,2018,Transit,11.825495,56.89157,Mass,3.2768837,1237,387.4,0.04163,5416,0.933,0.896,0.133,9.55,523.067
HATS-63 b,HATS-63,2018,Transit,13.529263,305.1168,Mass,3.0566527,1398.3,634.1,0.04026,5627,1.07,0.931,0.081,10.3,623.232
HATS-64 b,HATS-64,2018,Transit,18.819911,305.1168,Mass,4.908897,1793,1711,0.06562,6554,2.113,1.564,0.22,1.861,1080.15
HATS-65 b,HATS-65,2018,Transit,16.824709,260.93843,Mass,3.105161,1634,1178,0.04497,6277,1.31,1.257,0.199,1.78,493.32
HATS-66 b,HATS-66,2018,Transit,15.815899,1694.0339,Mass,3.1414391,1998,2637,0.04714,6626,1.841,1.411,-0.017,2.17,1477.98
HATS-67 b,HATS-67,2018,Transit,18.887165,460.8535,Mass,1.6091788,2193,3821,0.03032,6594,1.441,1.435,0.332,0.51,960.109
HATS-68 b,HATS-68,2018,Transit,13.809488,410.0007,Mass,3.5862202,1741,1521,0.05071,6147,1.748,1.351,0.21,3.02,603.955
HATS-69 b,HATS-69,2018,Transit,10.592505,183.38791,Mass,2.2252577,1295.7,466.6,0.03211,5137,0.8785,0.892,0.377,8,414.537
HATS-7 b,HATS-7,2015,Transit,6.310667,38.1396,Mass,3.185315,1084,211.6178,0.04012,4985,0.815,0.849,0.25,7.8,240.707
HATS-70 b,HATS-70,2019,Transit,15.513256,4100.007,Mass,1.8882378,2730,9110,0.03632,7930,1.881,1.78,0.041,0.81,1458.83
HATS-71 b,HATS-71,2020,Transit,11.478016,117.5971,Mass,3.7955202,586.8,18.0832,0.03745,3405,0.4783,0.4861,0.17,3.2,140.225
HATS-72 b,HATS-72,2020,Transit,8.0973816,39.855882,Mass,7.3279474,739.3,49.58,0.066517,4656.1,0.7214,0.7311,0.099,12.17,127.589
HATS-74 A b,HATS-74 A,2021,Transit,11.56766808,464.0294742,Mass,1.73185606,895.1,106.9,0.02384,3776.9,0.5758,0.601,0.514,11,299.389
HATS-75 b,HATS-75,2021,Transit,9.90873894,156.0537478,Mass,2.7886556,772.3,59.26,0.032742,3790.4,0.5848,0.6017,0.522,14.9,194.964
HATS-76 b,HATS-76,2021,Transit,12.09449018,835.570882,Mass,1.9416423,939.8,129.8,0.02658,4016,0.6259,0.662,0.322,4.6,385.689
HATS-77 b,HATS-77,2021,Transit,13.05846252,436.6962312,Mass,3.0876262,828.3,78.37,0.03607,4071,0.6428,0.655,0.253,12.1,436.176
HATS-8 b,HATS-8,2015,Transit,9.785457,43.86054,Mass,3.583893,1324,510.8195,0.04667,5679,1.086,1.056,0.21,5.1,794.637
HATS-9 b,HATS-9,2015,Transit,13.85,266.02371,Mass,1.915291,1746,2292.0839,0.0312,5599,1.56,1.1,0.38,10.8,638.7
HD 106315 b,HD 106315,2017,Transit,2.44,12.6,Mass,9.55237,1153,277,0.0907,6327,1.296,1.091,-0.311,4.48,109.353
HD 106315 c,HD 106315,2017,Transit,4.35,15.2,Mass,21.05704,886,97,0.1536,6327,1.296,1.091,-0.311,4.48,109.353
HD 110067 b,HD 110067,2023,Transit,2.2,5.69,Mass,9.113678,800,69.0579,0.0793,5266,0.788,0.798,-0.2,8.1,32.1585
HD 110067 c,HD 110067,2023,Transit,2.388,6.3,Mass,13.673694,699,40.228,0.1039,5266,0.788,0.798,-0.2,8.1,32.1585
HD 110067 d,HD 110067,2023,Transit,2.852,8.52,Mass,20.519617,602,23.4102,0.1362,5266,0.788,0.798,-0.2,8.1,32.1585
HD 110067 e,HD 110067,2023,Transit,1.94,3.9,Mass,30.793091,533,13.6296,0.1785,5266,0.788,0.798,-0.2,8.1,32.1585
HD 110067 f,HD 110067,2023,Transit,2.601,5.04,Mass,41.05854,489,9.2821,0.2163,5266,0.788,0.798,-0.2,8.1,32.1585
HD 110067 g,HD 110067,2023,Transit,2.607,8.4,Mass,54.76992,440,6.3216,0.2621,5266,0.788,0.798,-0.2,8.1,32.1585
HD 110113 b,HD 110113,2021,Transit,2.05,4.55,Mass,2.541,1371,735.49,0.035,5732,0.968,0.997,0.14,4,106.307
HD 114082 b,HD 114082,2022,Transit,11.72459381,508.5254512,Mass,225.5504,949.67,192.2293,0.791,6610,1.482,1.28,0,0.015,95.3906
HD 135694 b,HD 135694,2023,Transit,2.857,6.1,Mass,15.92347557,750.83,71.8,0.124695,5712,1.08,1.02,-0.121,9.8,73.8713
HD 137496 b,HD 137496,2021,Transit,1.31,4.04,Mass,1.62116,2130,3114.3366,0.02732,5799,1.59,1.04,-0.03,8.3,155.317
HD 1397 b,HD 1397,2018,Transit,11.500434,131.89945,Mass,11.53533,1228.3,356,0.1097,5521,2.336,1.324,0.29,4.51,79.5702
HD 152843 b,HD 152843,2021,Transit,3.05,9.82,Mass,11.62071,1003.11,265.4,0.1049,6310,1.43,1.15,-0.16,3.97,107.898
HD 152843 c,HD 152843,2021,Transit,5.94,9.67,Mass,19.502104,253.08,133.1,0.1482,6310,1.43,1.15,-0.16,3.97,107.898
HD 15337 b,HD 15337,2019,Transit,1.77,6.519,Mass,4.7559804,1001,404.5595,0.05245,5131,0.855,0.829,0.03,9.6,44.8155
HD 15337 c,HD 15337,2019,Transit,2.526,6.792,Mass,17.180546,656.1,45.0685,0.1235,5131,0.855,0.829,0.03,9.6,44.8155
HD 183579 b,HD 183579,2021,Transit,3.49,20.4,Mass,17.471291,752,58.1,0.1322,5784,0.96,0.996,-0.038,3.1,57.2651
HD 18599 b,HD 18599,2022,Transit,2.6,24.1,Mass,4.1374354,863,145,0.048,5145,0.767,0.863,0,0.4,38.5653
HD 191939 b,HD 191939,2020,Transit,3.41,10,Mass,8.8803256,880,100,0.0804,5348,0.94,0.81,-0.15,8.7,53.6089
HD 191939 c,HD 191939,2020,Transit,3.195,8,Mass,28.579743,600,21,0.1752,5348,0.94,0.81,-0.15,8.7,53.6089
HD 191939 d,HD 191939,2020,Transit,2.995,2.8,Mass,38.353037,540,14.3,0.2132,5348,0.94,0.81,-0.15,8.7,53.6089
HD 202772 A b,HD 202772 A,2019,Transit,18.2370116,323.5493183,Mass,3.3088775,2181,3770,0.05208,6442,2.554,1.721,0.232,1.63,161.498
HD 20329 b,HD 20329,2022,Transit,1.72,7.42,Mass,0.926118,2141,3474,0.018,5596,1.13,0.9,-0.07,11,63.6796
HD 207496 b,HD 207496,2023,Transit,2.25,6.1,Mass,6.441008,743,72.9,0.0629,4819,0.769,0.8,0.095,0.52,23.606
HD 207897 b,HD 207897,2021,Transit,2.34302132,14.8,Mass,16.20166,581.75,26.5,0.117,5106,0.7827,0.8208,-0.03,4.7,28.2938
HD 213885 b,HD 213885,2019,Transit,1.745,8.83,Mass,1.008035,2128,1882.94,0.02012,5978,1.1011,1.068,-0.04,3.8,48.0883
HD 21520 b,HD 21520,2024,Transit,2.697,17.7,Mass,25.1292,637,25.7431,0.1726,5871,1.044,1.09,0.049,5.3,79.208
HD 21749 c,GJ 143,2019,Transit,0.892,3.7,Mass,7.78993,701,305.9425,0.0695,4640,0.695,0.73,0.003,3.8,16.32
HD 219666 b,HD 219666,2018,Transit,4.898,17.6,Mass,6.034468,1076,598.4408,0.06356,5540,1.059,1.02,0.04,10,94.1719
HD 221416 b,HD 221416,2019,Transit,9.17,60.5,Mass,14.2767,1314.67,495.9065,0.1228,5080,2.943,1.212,-0.08,4.9,95.5483
HD 224018 c,HD 224018,2025,Transit,2.42,10.4,Mass,36.57669,641,28.2444,0.217,5784,1.147,1.013,0.05,7,105.48
HD 224018 d,HD 224018,2025,Transit,2.4,4.2,Mass,138.0731,411,4.7348,0.53,5784,1.147,1.013,0.05,7,105.48
HD 22946 d,HD 22946,2023,Transit,2.607,26.57,Mass,47.42489,546,18.561,0.2958,6169,1.117,1.098,-0.08,2.5,62.7792
HD 23472 b,HD 23472,2019,Transit,2,8.32,Mass,17.667087,543,16,0.1162,4684,0.71,0.67,-0.2,,39.0341
HD 23472 c,HD 23472,2019,Transit,1.87,3.41,Mass,29.79749,467,7.96,0.1646,4684,0.71,0.67,-0.2,,39.0341
HD 23472 d,HD 23472,2022,Transit,0.75,0.55,Mass,3.97664,909,117,0.04298,4684,0.71,0.67,-0.2,,39.0341
HD 23472 e,HD 23472,2022,Transit,0.818,0.72,Mass,7.90754,723,46.7,0.068,4684,0.71,0.67,-0.2,,39.0341
HD 23472 f,HD 23472,2022,Transit,1.137,0.77,Mass,12.1621839,630,26.3,0.0906,4684,0.71,0.67,-0.2,,39.0341
HD 235088 b,HD 235088,2023,Transit,1.982,4.15,Mass,7.4341325,805,70,0.0706,5075,0.772,0.849,-0.02,0.7,41.1706
HD 25463 b,HD 25463,2023,Transit,2.54535814,8.7,Mass,7.0491423,1198.46,461.4,0.076,6353,1.4182,1.251,-0.018,2.3,45.6181
HD 25463 c,HD 25463,2023,Transit,1.36354953,4.3,Mass,3.04405,1585.57,1413.5,0.0443,6353,1.4182,1.251,-0.018,2.3,45.6181
HD 260655 b,HD 260655,2022,Transit,1.24,2.14,Mass,2.76953,709,42.2,0.02933,3803,0.439,0.439,-0.43,5,10.0055
HD 260655 c,HD 260655,2022,Transit,1.533,3.09,Mass,5.70588,557,16.1,0.04749,3803,0.439,0.439,-0.43,5,10.0055
HD 2685 b,HD 2685,2019,Transit,16.14096,371.8611,Mass,4.12688,2061,1436.49,0.0568,6801,1.56,1.43,0.02,1.31,196.852
HD 278555 b,HD 278555,2026,Transit,11.02963701,266.9758619,Mass,28.842438,853,79.4371,0.1985,6047,1.624,1.255,0.269,3.8,289.829
HD 28109 b,HD 28109,2022,Transit,2.69,6.2,Mass,22.891054,867,33.4501,0.1357,6189,1.425,1.227,0.1,3.2,139.611
HD 28109 c,HD 28109,2022,Transit,4.13,9.2,Mass,55.99712,643,29.9535,0.308,6189,1.425,1.227,0.1,3.2,139.611
HD 28109 d,HD 28109,2022,Transit,3.11,5.8,Mass,84.2899,561,17.3745,0.411,6189,1.425,1.227,0.1,3.2,139.611
HD 3167 b,HD 3167,2016,Transit,1.601,4.844,Mass,0.95965451,1781,1650,0.01814,5338,0.871,0.864,0.037,8.4,47.2899
HD 3167 c,HD 3167,2016,Transit,2.983,11.41,Mass,29.846511,567,16.9,0.1794,5338,0.871,0.864,0.037,8.4,47.2899
HD 332231 b,HD 332231,2020,Transit,9.07303305,74.1,Mass,18.712024,798.3,98.09,0.145,6128,1.266,1.1642,0.043,2.9,80.6665
HD 35843 c,HD 35843,2025,Transit,2.54,11.32,Mass,46.9622,479,11.3814,0.25,5666,0.897,0.94,-0.27,2.5,69.6026
HD 50554 c,HD 50554,2026,Transit,1.31,5.3,Mass,5.969362,1090.83,334.6171,0.0652,5968,1.146,1.04,-0.02,2.16,31.1664
HD 50554 d,HD 50554,2026,Transit,1.41,10.4,Mass,28.0694,651.11,42.4756,0.1831,5968,1.146,1.04,-0.02,2.16,31.1664
HD 5278 b,HD 5278,2021,Transit,2.45,7.8,Mass,14.339156,943,132,0.1202,6203,1.194,1.126,-0.12,3,57.5846
HD 6061 b,HD 6061,2023,Transit,2.42763557,10,Mass,5.2549,1075.31,339.1,0.06,5934,1.0072,1.0269,-0.05,2.4,67.6203
HD 60779 b,HD 60779,2026,Transit,3.246,14.19,Mass,29.986175,650,42.3921,0.1922,6081,1.129,1.05,-0.12,,35.4445
HD 63433 b,HD 63433,2020,Transit,2.14,21.755,Mass,7.1079475,967.11,145.5707,0.072,5553,0.934,0.956,-0.07,0.414,22.4035
HD 63433 c,HD 63433,2020,Transit,2.692,15.539,Mass,20.5438281,678.92,35.3582,0.146,5553,0.934,0.956,-0.07,0.414,22.4035
HD 63935 b,HD 63935,2021,Transit,2.91575244,10.5,Mass,9.058807,825.22,115.6,0.083,5513,0.9598,0.9406,0.107,6.6,48.9739
HD 715 b,HD 715,2026,Transit,11.99360935,201.8210384,Mass,56.4,798,67.3,0.336,6070,2.5,1.6,0.09,2.1,167.253
HD 73344 b,HD 73344,2024,Transit,2.884,10.48,Mass,15.611,911,111.9729,0.131,6252.6,1.22,1.2,0.143,1.15,35.26
HD 73583 b,HD 73583,2022,Transit,2.79,10.2,Mass,6.398042,714,43.3,0.0604,4511,0.65,0.73,0,0.48,31.5666
HD 73583 c,HD 73583,2022,Transit,2.39,9.7,Mass,18.87974,498,10.2,0.1242,4511,0.65,0.73,0,0.48,31.5666
HD 77946 b,HD 77946,2024,Transit,2.89646124,10.9,Mass,6.527363,1128.86,413.1008,0.073,6007,1.3174,1.1973,0.215,3.1,99.451
HD 80653 b,HD 80653,2020,Transit,1.621,5.61,Mass,0.71957926,2438,6130,0.01657,5959,1.199,1.15,0.255,3.3,109.86
HD 86226 c,HD 86226,2020,Transit,2.16,7.25,Mass,3.98442,1311,647.901,0.049,5863,1.053,1.019,0.018,4.6,45.683
HD 89345 b,HD 89345,2018,Transit,7.39794,34.9613,Mass,11.8143,1089,275.6427,0.1066,5576,1.747,1.157,0.421,7.53,132.345
HD 93963 A b,HD 93963 A,2022,Transit,1.46954368,2.8,Mass,1.0376109,1842.23,2898,0.02061,5908,1.0311,1.0844,0.11,1.3,82.3432
HD 93963 A c,HD 93963 A,2022,Transit,3.11976057,18.4,Mass,3.6451389,1212.45,543.8,0.04726,5908,1.0311,1.0844,0.11,1.3,82.3432
HIP 116454 b,HIP 116454,2014,Transit,2.469,9.7,Mass,9.1004157,753.2,51.2858,0.0792,5048,0.758,0.8,0,5.5,62.4491
HIP 41378 b,HIP 41378,2016,Transit,2.64,6.9,Mass,15.57209,959,140,0.1303,6290,1.3,1.22,-0.05,2.07,106.289
HIP 41378 c,HIP 41378,2016,Transit,2.74,5.97,Mass,31.70591,757,54,0.2093,6290,1.3,1.22,-0.05,2.07,106.289
HIP 41378 d,HIP 41378,2016,Transit,3.65,6.53,Mass,278.3618,367,3.01,1.17,6290,1.3,1.22,-0.05,2.07,106.289
HIP 41378 e,HIP 41378,2016,Transit,5.19,7.62,Mass,393,335,2.1,0.68,6290,1.3,1.22,-0.05,2.07,106.289
HIP 41378 f,HIP 41378,2016,Transit,9.47,25,Mass,542.0797,294,1.24,1.394,6290,1.3,1.22,-0.05,2.07,106.289
HIP 65 A b,HIP 65 A,2020,Transit,22.75427,1021.18779,Mass,0.9809734,1411,661,0.01782,4590,0.7242,0.781,0.18,4.1,61.7856
HIP 8152 b,HIP 8152,2023,Transit,2.53625843,8.9,Mass,10.751014,794.96,88.9,0.093,5618,0.9603,0.9373,0.007,6,101.694
HIP 8152 c,HIP 8152,2023,Transit,2.52442508,10.7,Mass,19.60562,650.68,39.9,0.139,5618,0.9603,0.9373,0.007,6,101.694
HIP 94235 b,HIP 94235,2022,Transit,3,379,Mass,7.713057,1060,219.2841,0.0787,5991,1.08,1.094,0,0.118,58.5146
HIP 9618 b,HIP 9618,2023,Transit,3.82838127,8.3,Mass,20.772858,640.88,40.3,0.145,5649,0.9593,0.942,-0.018,5.6,67.5478
HIP 9618 c,HIP 9618,2023,Transit,3.42855926,7,Mass,52.56363,470.31,11.7,0.269,5649,0.9593,0.942,-0.018,5.6,67.5478
HIP 97166 b,HIP 97166,2021,Transit,2.4801338,19.1,Mass,10.288914,701.66,9.0686,0.091,5216,0.8418,0.9342,0.248,1.2,65.9501
HR 858 b,HR 858,2019,Transit,2.004,3.55,Mass,3.585287,1552,989.7,0.04888,6354,1.258,1.204,0.025,2,31.964
HR 858 c,HR 858,2019,Transit,1.979,3.8,Mass,5.973865,1309,512,0.0687,6354,1.258,1.204,0.025,2,31.964
HR 858 d,HR 858,2019,Transit,2.001,7.1,Mass,11.230511,1061,217,0.1046,6354,1.258,1.204,0.025,2,31.964
K2-10 b,K2-10,2015,Transit,3.773,25.2,Mass,19.30553,649,42.1,0.137,5533,0.956,0.88,-0.07,,272.36
K2-100 b,K2-100,2016,Transit,3.88,21.8,Mass,1.6739035,1841,1915,0.0301,5945,1.24,1.15,0.22,0.75,188.959
K2-105 b,K2-105,2017,Transit,3.4,15.4,Mass,8.26726,805,100,0.0796,5373,0.905,0.94,0.22,0.6,197.989
K2-107 b,K2-107,2017,Transit,15.98,266.9772,Mass,3.313959,1649,1291.4267,0.0475,6061,1.81,1.3,0.14,4.25,685.2
K2-108 b,K2-108,2017,Transit,5.33,59.4,Mass,4.733999,1360,762,0.0581,5599,1.76,1.17,0.36,7.8,477.295
K2-110 b,K2-110,2017,Transit,2.592,15.9,Mass,13.86375,638,27.7,0.10207,5010,0.713,0.738,-0.34,8,116.474
K2-111 b,K2-111,2017,Transit,1.837,5.35,Mass,5.3518963,1293,490,0.0565,5775,1.25,0.84,-0.46,12.3,200.394
K2-113 b,K2-113,2017,Transit,12.14,410.0007,Mass,5.817685,1098,277.39,0.0642,5660,1.24,1.04,0.27,5.9,635.722
K2-114 b,K2-114,2017,Transit,10.59248676,638.8350981,Mass,11.390931,701.4,40,0.0944,4899,0.832,0.863,0.42,7.6,475.758
K2-115 b,K2-115,2017,Transit,11.80305668,321.0066911,Mass,20.2729914,696,20.4393,0.1415,5870,0.855,0.918,-0.198,2.2,413.591
K2-12 b,K2-12,2015,Transit,2.44,5.2,Mass,8.28246,1026,185,0.0792,5672,1.117,0.965,0,8.9,326.381
K2-121 b,K2-121,2017,Transit,7.16,51,Mass,5.185738,716,62.5,0.0525,4526,0.675,0.71,0.04,,169.398
K2-131 b,K2-131,2017,Transit,1.69,7.9,Mass,0.3693038,2223,4070,0.00936,5120,0.7595,0.803,-0.04,5.3,152.509
K2-132 b,K2-132,2017,Transit,14.5717,155.7367,Mass,9.1751,1586,293.374,0.0916,4840,3.85,1.08,-0.01,8.5,609.818
K2-136 b,K2-136,2017,Transit,1.014,4.3,Mass,7.97525,610,33.5,0.0707,4500,0.677,0.742,-0.02,0.65,59.2474
K2-136 c,K2-136,2017,Transit,3,18.1,Mass,17.30723,470,11.91,0.1185,4500,0.677,0.742,-0.02,0.65,59.2474
K2-136 d,K2-136,2017,Transit,1.565,3,Mass,25.575,420,7.07,0.1538,4500,0.677,0.742,-0.02,0.65,59.2474
K2-137 b,K2-137,2017,Transit,0.64,158.915,Mass,0.179719,1471,975.5731,0.0058,3697,0.29,0.463,-0.059,,98.8765
K2-138 b,K2-138,2017,Transit,1.51,3.1,Mass,2.35309,1157,486,0.03385,5356.3,0.863,0.935,0.14,2.8,202.585
K2-138 c,K2-138,2017,Transit,2.299,6.31,Mass,3.56004,1012,279,0.04461,5356.3,0.863,0.935,0.14,2.8,202.585
K2-138 d,K2-138,2017,Transit,2.39,7.92,Mass,5.40479,888,160,0.05893,5356.3,0.863,0.935,0.14,2.8,202.585
K2-138 e,K2-138,2017,Transit,3.39,12.97,Mass,8.26146,757,91.1,0.0782,5356.3,0.863,0.935,0.14,2.8,202.585
K2-138 f,K2-138,2017,Transit,2.904,1.63,Mass,12.75758,653,51,0.10447,5356.3,0.863,0.935,0.14,2.8,202.585
K2-138 g,K2-138,2021,Transit,3.013,4.32,Mass,41.96797,445,9.29,0.23109,5356.3,0.863,0.935,0.14,2.8,202.585
K2-139 b,K2-139,2017,Transit,9.11,123.00021,Mass,28.380619,524,15.5562,0.1796,5370,0.88,0.96,0.24,1.8,153.856
K2-140 b,K2-140,2017,Transit,13.56286665,295.5804185,Mass,6.569188,962,204,0.068,5585,1.06,0.96,0.1,9.8,347.917
K2-141 b,K2-141,2018,Transit,1.51,4.97,Mass,0.2803244,2103,3260,0.00747,4570,0.681,0.708,0,6.3,61.8736
K2-141 c,K2-141,2018,Transit,7,8,Mass,7.7485,695,39.1,0.0683,4570,0.681,0.708,0,6.3,61.8736
K2-146 b,K2-146,2018,Transit,2.05,5.77,Mass,2.6446,534,20.7,0.0248,3385,0.33,0.331,-0.02,5,79.3002
K2-146 c,K2-146,2019,Transit,2.19,7.49,Mass,4.00498,518.53,14.028,0.0327,3385,0.33,0.331,-0.02,5,79.3002
K2-157 b,K2-157,2018,Transit,0.935,1.14,Mass,0.3652575,2432,6660,0.00962,5334,0.86,0.89,0.02,8.8,298.373
K2-167 b,K2-167,2018,Transit,2.36509493,6.5,Mass,9.978541,1220,317,0.0932,6310,1.499,1.084,-0.456,5.3,80.8994
K2-18 b,K2-18,2015,Transit,2.37,8.92,Mass,32.939623,284,1.005,0.1429,3457,0.411,0.359,0.12,,38.0266
K2-180 b,K2-180,2018,Transit,2.46597575,11.41003981,Mass,8.865663,797.5,48.3,0.0756,5365,0.719,0.735,-0.578,7.5,203.896
K2-182 b,K2-182,2018,Transit,2.71257333,20.97667486,Mass,4.7369696,965.8,146.9,0.05174,5128,0.789,0.823,0.022,6.2,154.83
K2-19 b,K2-19,2015,Transit,7,30.8,Mass,7.9193,857,87,0.07487,5322,0.82,0.88,0.06,1.7,289.827
K2-19 c,K2-19,2015,Transit,4.1,11,Mass,11.906,679,51,0.0982,5322,0.82,0.88,0.06,1.7,289.827
K2-19 d,K2-19,2016,Transit,1.044,6.2,Mass,2.50827,1258,404,0.03478,5350,0.824,0.892,0.03,1.7,289.827
K2-199 b,K2-199,2018,Transit,1.73,6.9,Mass,3.2253993,913,116.2,0.0382,4491,0.682,0.711,-0.01,5.04,107.518
K2-199 c,K2-199,2018,Transit,2.85,12.4,Mass,7.3744897,694,38.6,0.0662,4491,0.682,0.711,-0.01,5.04,107.518
K2-216 b,K2-216,2018,Transit,1.75,8,Mass,2.1748,1103,248,0.028,4503,0.72,0.7,0,,115.461
K2-22 b,K2-22,2015,Transit,2.3,444.962,Mass,0.381073,2100,114,0.009,3879,0.58,0.595292,0.032,,243.836
K2-222 b,K2-222,2018,Transit,2.275,7.5,Mass,15.3889274,803,95,0.1186,5942,1.072,0.94,-0.315,7.1,101.321
K2-229 b,K2-229,2018,Transit,1,2.55,Mass,0.584216,1818,2290,0.0131,5315,0.79,0.87,-0.09,5.4,102.564
K2-229 c,K2-229,2018,Transit,2.03,7,Mass,8.32727,750,66,0.0769,5315,0.79,0.87,-0.09,5.4,102.564
K2-232 b,K2-232,2018,Transit,11.209,126.49634,Mass,11.168454,1030,312.155,0.10356,6154,1.161,1.188,0.1,1.43,130.72
K2-233 b,K2-233,2018,Transit,1.315,2.4,Mass,2.467583,1127,269,0.03293,4796,0.71,0.79,-0.082,0.36,67.5062
K2-233 c,K2-233,2018,Transit,1.272,4.6,Mass,7.06024,794,66.2,0.0664,4796,0.71,0.79,-0.082,0.36,67.5062
K2-233 d,K2-233,2018,Transit,2.363,10.3,Mass,24.3681,525,12.7,0.1516,4796,0.71,0.79,-0.082,0.36,67.5062
K2-237 b,K2-237,2018,Transit,16.06246934,434.153604,Mass,2.18053332,1759,1860,0.03552,6180,1.236,1.256,0.337,1.09,314.995
K2-238 b,K2-238,2018,Transit,14.5717,273.3338,Mass,3.20466,1587,1082.6407,0.046,5630,1.59,1.19,0.34,5.63,537.963
K2-24 b,K2-24,2016,Transit,5.638,20.6,Mass,20.8895961,732,52,0.1673,5726,1.185,1.091,0.41,4.9,170.562
K2-24 c,K2-24,2016,Transit,7.93,16.4,Mass,42.34732,591,20,0.262,5726,1.185,1.091,0.41,4.9,170.562
K2-25 b,K2-25,2015,Transit,3.44,24.5,Mass,3.48456408,494,9.91,0.0287,3207,0.2932,0.2634,0.15,0.73,44.9565
K2-260 b,K2-260,2018,Transit,18.41635529,546.66486,Mass,2.62669762,2090,2520.03,0.04392,6860,1.755,1.637,0.334,0.65,663.834
K2-261 b,K2-261,2018,Transit,9.26982704,68.96876432,Mass,11.6334681,1036,180,0.1086,5490,1.663,1.107,0.372,8.8,213.283
K2-263 b,K2-263,2018,Transit,2.513,15.4,Mass,50.819172,482,8.17,0.2573,5368,0.85,0.88,-0.08,7,162.481
K2-265 b,K2-265,2018,Transit,1.70824866,7.3418362,Mass,2.36902,1366,592,0.03359,5420,0.92,0.901,0.033,7.8,138.671
K2-266 d,K2-266,2018,Transit,2.93,8.9,Mass,14.697,538.3,13.95,0.1035,4285,0.703,0.686,-0.12,,77.5586
K2-266 e,K2-266,2018,Transit,2.73,14.3,Mass,19.482,490.1,9.581,0.1249,4285,0.703,0.686,-0.12,,77.5586
K2-27 b,K2-27,2016,Transit,4.74,30.2,Mass,6.771347,836,116,0.06702,5246,0.876,0.88,0.12,10.3,249.645
K2-277 b,K2-277,2018,Transit,2.18575124,7.4,Mass,6.326768,1049,195,0.0664,5680,0.973,0.974,0.078,4.9,113.123
K2-280 b,K2-280,2018,Transit,7.5,37.1,Mass,19.89526,787,69.5,0.1461,5500,1.28,1.03,0.33,8.96,391.537
K2-285 b,K2-285,2018,Transit,2.59,9.68,Mass,3.471745,1088.9,234.31,0.03817,4975,0.787,0.83,0,,154.961
K2-285 c,K2-285,2018,Transit,3.53,15.68,Mass,7.138048,741.4,50.35,0.0824,4975,0.787,0.83,0,,154.961
K2-285 d,K2-285,2018,Transit,2.48,6.5,Mass,10.45582,619.9,24.61,0.1178,4975,0.787,0.83,0,,154.961
K2-285 e,K2-285,2018,Transit,1.95,10.7,Mass,14.76289,500.9,10.5,0.18041,4975,0.787,0.83,0,,154.961
K2-287 b,K2-287,2018,Transit,9.494023,100.11645,Mass,14.893291,804,53.5814,0.1206,5695,1.07,1.056,0.2,4.5,158.335
K2-29 b,K2-29,2016,Transit,13.33871,232.0159,Mass,3.2588321,1171,293,0.04217,5358,0.86,0.94,0.16,2.6,178.475
K2-290 b,K2-290,2019,Transit,3.06,10.9,Mass,9.21165,1230,308.9946,0.0923,6302,1.511,1.194,-0.06,4,272.909
K2-290 c,K2-290,2019,Transit,11.276254,246.00042,Mass,48.36685,676,28.2979,0.305,6302,1.511,1.194,-0.06,4,272.909
K2-291 b,K2-291,2019,Transit,1.589,6.49,Mass,2.225177,1278,633,0.03261,5520,0.899,0.934,0.08,3.72,90.0562
K2-292 b,K2-292,2019,Transit,2.63,24.5,Mass,16.9841,795,67,0.13,5725,1.09,1,0.07,6.8,114.293
K2-295 b,K2-295,2018,Transit,10.054473,106.47305,Mass,4.024867,852,97.8595,0.0451,4444,0.7,0.74,0.14,,232.801
K2-3 b,K2-3,2015,Transit,2.078,5.11,Mass,10.0546535,501.3,10.5,0.0747,3844,0.546,0.549,-0.157,6.9,44.0727
K2-3 c,K2-3,2015,Transit,1.582,2.68,Mass,24.646729,371.8,3.17,0.1357,3844,0.546,0.549,-0.157,6.9,44.0727
K2-3 d,K2-3,2015,Transit,1.458,2.2,Mass,44.55603,305.2,1.44,0.2014,3844,0.546,0.549,-0.157,6.9,44.0727
K2-30 b,K2-30,2016,Transit,11.646151,184.02357,Mass,4.098503,1092,299,0.04839,5425,0.844,0.9,-0.15,3.9,333.042
K2-31 b,K2-31,2016,Transit,11.88154,563.83042,Mass,1.25785,1688,1272,0.022,5280,0.78,0.91,0.08,,110.527
K2-32 b,K2-32,2016,Transit,5.299,15,Mass,8.992,837,79.5,0.0795,5271,0.86,0.83,-0.06,7.9,157.682
K2-32 c,K2-32,2016,Transit,3.134,8.1,Mass,20.66093,634,26.2,0.13843,5271,0.86,0.83,-0.06,7.9,157.682
K2-32 d,K2-32,2016,Transit,3.484,6.7,Mass,31.71701,550,14.8,0.18422,5271,0.86,0.83,-0.06,7.9,157.682
K2-32 e,K2-32,2019,Transit,1.212,2.1,Mass,4.34934,1066,210.7222,0.04899,5271,0.86,0.83,-0.06,7.9,157.682
K2-329 b,K2-329,2020,Transit,8.675766,82.6358,Mass,12.4551225,650,45.7,0.1016,5282,0.822,0.901,0.098,1.8,233.237
K2-34 b,K2-34,2016,Transit,13.75,539.67534,Mass,2.9956348,1687,963.566,0.0442,6168,1.42,1.16,0.01,2.88,348.646
K2-36 b,K2-36,2016,Transit,1.43,4.3,Mass,1.422614,1328,519,0.02288,4916,0.718,0.79,-0.047,1.4,109.749
K2-36 c,K2-36,2016,Transit,3.2,7.9,Mass,5.340888,854,89,0.05528,4916,0.718,0.79,-0.047,1.4,109.749
K2-37 d,K2-37,2016,Transit,2.31,12.5,Mass,14.09229,646,41.3,0.1102,5352,0.809,0.84,-0.08,,179.943
K2-370 b,K2-370,2022,Transit,2.67,11.1,Mass,2.1408093,1267,428.205,0.0321,5662,0.945,0.962,0.08,1.4,144.202
K2-38 b,K2-38,2016,Transit,1.54,7.3,Mass,4.01593,1266,426,0.04994,5731,1.06,1.03,0.26,6.7,192.69
K2-38 c,K2-38,2016,Transit,2.29,8.3,Mass,10.56103,916,117,0.09514,5731,1.06,1.03,0.26,6.7,192.69
K2-39 b,K2-39,2016,Transit,6.27704,28.6047,Mass,4.60543,1670,1356,0.05708,4881,2.97,0.66,0.32,6.7,307.47
K2-415 b,K2-415,2023,Transit,1.015,7.5,Mass,4.0179694,412.4,4.82,0.027,3173,0.1965,0.1635,-0.13,,21.8182
K2-419 A b,K2-419 A,2024,Transit,10.55,196,Mass,20.35847252,377,3.3,0.1208,3711,0.541,0.562,-0.11,7.4,268.685
K2-55 b,K2-55,2016,Transit,4.43,44,Mass,2.849271,900,141.3,0.03486,4300,0.715,0.688,0.376,,159.522
K2-60 b,K2-60,2016,Transit,7.655747,135.39558,Mass,3.00265,1400,1212,0.045,5500,1.12,0.97,0.01,10,491.87
K2-66 b,K2-66,2016,Transit,2.49,21.3,Mass,5.06963,1372,840,0.05983,5887,1.67,1.11,-0.047,,513.877
K2-73 b,K2-73,2016,Transit,2.58,9.2,Mass,7.49556,968,209,0.07619,5867,1.058,1.02,0.04,,269.183
K2-77 b,K2-77,2016,Transit,2.4996027,603.877,Mass,8.2000844,806,58,0.0753,5160,0.792,0.847,0.13,4.7,141.731
K2-79 b,K2-79,2016,Transit,4.15,5.9,Mass,10.995039,1033,180,0.0987,5897,1.269,1.06,0.035,6.5,256.011
K2-85 b,K2-85,2016,Transit,1.4,3.2,Mass,0.6845386262,1355,800,0.013,4232,0.71,0.7,0.14,,97.2179
K2-97 b,K2-97,2016,Transit,13.45077684,174.4877954,Mass,8.407115,1566,114.149,0.0854,4673,4.14,1.17,0.328,7.5,878.43
K2-98 b,K2-98,2016,Transit,5.06645928,34.00763955,Mass,10.1367349,1185,339,0.0986,6260,1.518,1.246,-0.044,3.4,518.625
K2-99 b,K2-99,2016,Transit,11.88151954,276.5107141,Mass,18.24783,1184,357,0.153,6069,2.55,1.44,0.2,3.7,519.229
KELT-1 b,KELT-1,2012,Transit,12.442,8654.15,Mass,1.217514,2361,5165.92,0.02466,6516,1.471,1.335,0.052,,268.43
KELT-10 b,KELT-10,2016,Transit,15.681391,215.80657,Mass,4.1662739,1377,600,0.0525,5948,1.209,1.112,0.09,4.5,188.404
KELT-11 b,KELT-11,2017,Transit,15.13212395,65.15482343,Mass,4.73620865,1712,1433,0.0623,5375,2.69,1.44,0.17,,99.1596
KELT-12 b,KELT-12,2017,Transit,19.95202,301.9385,Mass,5.031623,1800,1749,0.06708,6279,2.37,1.591,0.19,2.2,368.03
KELT-14 b,KELT-14,2016,Transit,19.537287,408.09372,Mass,1.7100566,1970,826.113,0.03005,5720,1.52,1.239,0.32,5.11,250.121
KELT-15 b,KELT-15,2016,Transit,19.50366,416.3573,Mass,3.32944,1642,1612.7618,0.04613,6003,1.78,2.06,0.05,,324.683
KELT-16 b,KELT-16,2017,Transit,15.860735,874.0325,Mass,0.9689951,2453,6992.0328,0.02044,6236,1.36,1.211,-0.002,3.1,444.586
KELT-17 b,KELT-17,2016,Transit,17.093725,416.3573,Mass,3.0801716,2087,3331.8707,0.04881,7454,1.645,1.635,-0.018,0.65,226.5
KELT-18 b,KELT-18,2017,Transit,17.59813,375.0394,Mass,2.8717518,2085,3152,0.0455,6670,1.908,1.524,0.09,1.9,321.376
KELT-19 A b,KELT-19 A,2017,Transit,21.40919,1293.5681,Mass,4.6117093,1935,2340,0.0637,7500,1.83,1.62,-0.12,,300.276
KELT-2 A b,KELT-2 A,2012,Transit,15.13215,540.311,Mass,4.11379,2080,3108.45,0.05497,6327,1.93,1.54,0,3.97,134.058
KELT-20 b,KELT-20,2017,Transit,19.514869,1074.90106,Mass,3.4741085,2262,4362.5,0.0542,8720,1.565,1.76,-0.29,0.6,136.426
KELT-21 b,KELT-21,2018,Transit,17.777474,1242.7153,Mass,3.6127647,2051,2950,0.05224,7598,1.638,1.458,-0.405,1.6,470.878
KELT-23 A b,KELT-23 A,2019,Transit,14.829507,298.12454,Mass,2.255251,1561,991.183,0.03302,5899,0.996,0.944,-0.105,6.4,126.261
KELT-24 b,KELT-24,2019,Transit,12.71098411,1458.832388,Mass,5.55149296,1391,624,0.0665,6426,1.338,1.268,0.138,1.98,96.5173
KELT-3 b,KELT-3,2013,Transit,17.48604,616.5902,Mass,2.70339,1816,1704.57,0.04123,6304,1.7,1.96,0.05,3,210.252
KELT-4 A b,KELT-4 A,2016,Transit,19.044091,286.68266,Mass,2.9895932,1823,1840,0.04317,6206,1.603,1.201,-0.116,4.44,218.05
KELT-6 b,KELT-6,2014,Transit,14.5717,165.2716,Mass,7.8457,1313,718.188,0.07939,6102,1.73,1.42,-0.28,6.1,240.726
KELT-7 b,KELT-7,2015,Transit,17.9344,441.7837,Mass,2.73477,2048,1775.39,0.04415,6768,1.81,1.76,0,1.3,136.681
KELT-8 b,KELT-8,2015,Transit,18.15858,209.7678,Mass,3.24406,1675,983.3098,0.0455,5754,1.46,0.81,0.27,5.4,197.572
KELT-9 b,KELT-9,2017,Transit,21.70058664,915.3458122,Mass,1.4811235,3921,44900,0.03368,9270,2.418,2.32,0.07,0.45,204.455
KOI-12 b,KOI-12,2015,Transit,13.78707,349.613,Mass,17.855182,911,196.507,0.154,6635,1.4,1.5,0.0815,1.45,399.398
KOI-1257 b,KOI-1257,2014,Transit,10.54,460.83,Mass,86.647661,511,7.28,0.382,5520,1.13,0.99,0.27,9.3,656
KOI-13 b,KOI-13,2011,Transit,16.948008,2949.4624,Mass,1.763588,2550,25339.901,0.03641,7650,1.74,1.72,0.2,1.12,519.096
KOI-134 b,KOI-134,2025,Transit,12.03844527,346.4329636,Mass,67.1277,659,45,0.363,6160,1.667,1.407,0.427,2.4,1159.21
KOI-142 b,KOI-142,2013,Transit,3.438,9.5,Mass,10.91647,758,68.563,0.09586,5466,0.897,0.99,0.27,1.6,376.863
KOI-1599.01,KOI-1599,2019,Transit,1.9,4.6,Mass,20.4415,660,44.8,0.14728,5833,0.972,1.02,0.06,4.7,1131.64
KOI-1599.02,KOI-1599,2019,Transit,1.9,9,Mass,13.6088,755,76.81,0.112293,5833,0.972,1.02,0.06,4.7,1131.64
KOI-1783.01,KOI-1783,2020,Transit,8.86,71,Mass,134.4628,412,5.7,0.52661,5922,1.143,1.076,0.11,0.2,865.73
KOI-1783.02,KOI-1783,2020,Transit,5.44,15,Mass,284.215,321,2.49,0.86695,5922,1.143,1.076,0.11,0.2,865.73
KOI-1831 d,Kepler-324,2018,Transit,1.13,2.23,Mass,34.169,475,11.8,0.19924,5233,0.835,0.901,0.18,3.39,501.574
KOI-1833 d,Kepler-968,2021,Transit,2.58,11.02,Mass,7.685,613,27.35,0.0634,4413,0.667,0.681,0.13,2.14,290.324
KOI-1843.03,Kepler-974,2013,Transit,0.61,8,Mass,0.1768913,1654,1769.292,0.005,3584,0.45,0.46,0,4.79,134.311
KOI-2513.01,KOI-2513,2023,Transit,2.80224517,7310.053361,Mass,19.00547,758,78.19,0.5,5900,1.2,0.91,-0.37,8,1369.87
KOI-319 b,KOI-319,2014,Transit,10.67,3178.28407,Mass,46.14827,703,60.4,0.2668,5880,2.064,1.325,0.16,3.86,660.138
KOI-3503 b,KOI-3503,2021,Transit,1.19,9.2,Mass,21.185,785,90.2,0.14247,6001,1.255,0.858,-0.5428,11.48,887.064
KOI-3503 c,KOI-3503,2021,Transit,1.21,10.36,Mass,31.828,686,52.5,0.18688,6001,1.255,0.858,-0.5428,11.48,887.064
KOI-351 g,KOI-351,2013,Transit,7.718,15,Mass,210.73514,342,3.387,0.71704,6031.13,1.185,1.242,0.083,0.53,848.254
KOI-351 h,KOI-351,2013,Transit,11.252,203,Mass,331.60296,294,1.849,0.97062,6031.13,1.185,1.242,0.083,0.53,848.254
KOI-3680 b,KOI-3680,2018,Transit,11.09691,613.4119,Mass,141.241671,347,3.3,0.534,5830,0.96,1.01,0.16,3.2,921.986
KOI-4777.01,KOI-4777,2022,Transit,0.51,99.2,Mass,0.412,1180,320,0.008,3515,0.4,0.41,0.1,4,172.245
KOI-94 b,KOI-94,2013,Transit,1.71,10.5,Mass,3.743208,1486,1053.181,0.05119,6182,1.52,1.277,0.0228,3.16,477.052
KOI-94 c,KOI-94,2013,Transit,4.32,15.6,Mass,10.423648,1012,268.219,0.1013,6182,1.52,1.277,0.0228,3.16,477.052
KOI-94 d,KOI-94,2013,Transit,11.27,106,Mass,22.342989,806,97.12,0.1684,6182,1.52,1.277,0.0228,3.16,477.052
KOI-94 e,KOI-94,2013,Transit,6.56,35,Mass,54.32031,584,29.7,0.3046,6182,1.52,1.277,0.0228,3.16,477.052
KPS-1 b,KPS-1,2018,Transit,11.54527,346.4347,Mass,1.706291,1459,729,0.0269,5165,0.907,0.892,0.22,,262.706
Kepler-10 b,Kepler-10,2011,Transit,1.47,3.24,Mass,0.8374907,2188,3741.78,0.01685,5708,1.065,0.91,-0.15,10.6,185.506
Kepler-10 c,Kepler-10,2011,Transit,2.355,11.29,Mass,45.294301,579,18.3,0.241,5708,1.065,0.91,-0.15,10.6,185.506
Kepler-100 b,Kepler-100,2014,Transit,1.34,4.01,Mass,6.88734,1155,478.214,0.07309,5837,1.51,1.13,0.1,6.92,304.645
Kepler-100 c,Kepler-100,2014,Transit,2.2,7.05,Mass,12.8159,939,208.657,0.11061,5825,1.49,1.08,0.02,6.46,304.645
Kepler-100 d,Kepler-100,2014,Transit,1.61,3,Mass,35.3331,670,53.981,0.21747,5825,1.49,1.08,0.02,6.46,304.645
Kepler-101 b,Kepler-101,2014,Transit,5.77,51.1,Mass,3.4876812,1513,1240.332,0.0474,5667,1.56,1.17,0.33,5.9,927.981
Kepler-101 c,Kepler-101,2014,Transit,1.25,3.78,Mass,6.02976,1413,596.069,0.0684,5667,1.56,1.17,0.33,5.9,927.981
Kepler-102 b,Kepler-102,2014,Transit,0.46,1.1,Mass,5.286965,857,90,0.05521,4909,0.724,0.803,0.11,1.1,107.796
Kepler-102 c,Kepler-102,2014,Transit,0.567,1.7,Mass,7.071392,777,61,0.06702,4909,0.724,0.803,0.11,1.1,107.796
Kepler-102 d,Kepler-102,2014,Transit,1.154,3,Mass,10.311767,686,36.9,0.08618,4909,0.724,0.803,0.11,1.1,107.796
Kepler-102 e,Kepler-102,2013,Transit,2.17,4.7,Mass,16.1456994,590,20.3,0.1162,4909,0.724,0.803,0.11,1.1,107.796
Kepler-102 f,Kepler-102,2014,Transit,0.861,4.3,Mass,27.453592,495,10,0.1656,4909,0.724,0.803,0.11,1.1,107.796
Kepler-103 b,Kepler-103,2014,Transit,3.4857,11.67,Mass,15.9653287,973,150.536,0.133,6047,1.492,1.212,0.15,6.03,494.832
Kepler-103 c,Kepler-103,2014,Transit,5.4539,58.47,Mass,179.60978,434,5.97,0.6679,6047,1.492,1.212,0.15,6.03,494.832
Kepler-104 b,Kepler-104,2014,Transit,3.1,19.6,Mass,11.427548,852,119.907,0.094,5711,1.349,0.818,-0.42,13.18,400.785
Kepler-105 b,Kepler-105,2013,Transit,2.53,10.8,Mass,5.4122034,1418,341.809,0.06016,5933,1.026,0.991,-0.09,4.27,459.223
Kepler-105 c,Kepler-105,2014,Transit,1.44,5.6,Mass,7.12592,997,236.167,0.07229,5933,1.026,0.991,-0.09,4.27,459.223
Kepler-106 b,Kepler-106,2014,Transit,0.82,5.3,Mass,6.16486,1021,277.216,0.06491,5858,1.04,1,-0.12,4.83,444.322
Kepler-106 c,Kepler-106,2014,Transit,2.5,10.44,Mass,13.5708,785,96.905,0.10987,5858,1.04,1,-0.12,4.83,444.322
Kepler-106 d,Kepler-106,2014,Transit,0.95,8.1,Mass,23.9802,649,45.357,0.16063,5858,1.04,1,-0.12,4.83,444.322
Kepler-106 e,Kepler-106,2014,Transit,2.56,11.17,Mass,43.8445,531,20.294,0.24006,5858,1.04,1,-0.12,4.83,444.322
Kepler-107 b,Kepler-107,2014,Transit,1.536,3.8,Mass,3.1800218,1592,1073,0.04544,5854,1.447,1.238,0.321,4.29,525.997
Kepler-107 c,Kepler-107,2014,Transit,1.597,10,Mass,4.901452,1378,602,0.06064,5854,1.447,1.238,0.321,4.29,525.997
Kepler-107 d,Kepler-107,2014,Transit,0.86,7.7,Mass,7.95839,1173,315,0.08377,5854,1.447,1.238,0.321,4.29,525.997
Kepler-107 e,Kepler-107,2014,Transit,2.903,14.1,Mass,14.749143,955,138.7,0.12638,5854,1.447,1.238,0.321,4.29,525.997
Kepler-109 b,Kepler-109,2014,Transit,2.49,4.9,Mass,6.4816307,1276,442,0.0701,5950,1.387,1.094,-0.02,6.2,474.861
Kepler-109 c,Kepler-109,2014,Transit,2.65,8.2,Mass,21.22265,859,91,0.1546,5950,1.387,1.094,-0.02,6.2,474.861
Kepler-11 b,Kepler-11,2010,Transit,1.8,1.9,Mass,10.3039,849,146.36,0.091,5663,1.065,0.961,0.05,8.5,646.346
Kepler-11 c,Kepler-11,2010,Transit,2.87,2.9,Mass,13.0241,786,107.224,0.107,5663,1.065,0.961,0.05,8.5,646.346
Kepler-11 d,Kepler-11,2010,Transit,3.12,7.3,Mass,22.6845,653,51.115,0.155,5663,1.065,0.961,0.05,8.5,646.346
Kepler-11 e,Kepler-11,2010,Transit,4.19,8,Mass,31.9996,582,32.34,0.195,5663,1.065,0.961,0.05,8.5,646.346
Kepler-11 f,Kepler-11,2010,Transit,2.49,2,Mass,46.6888,513,19.53,0.25,5663,1.065,0.961,0.05,8.5,646.346
Kepler-11 g,Kepler-11,2010,Transit,3.33,25,Mass,118.3807,376,5.65,0.466,5663,1.065,0.961,0.05,8.5,646.346
Kepler-111 c,Kepler-111,2014,Transit,7.0840758,222.4798849,Mass,224.77833,352.2,2.48,0.751,5914,1.145,1.118,0.237,3.4,657.223
Kepler-113 b,Kepler-113,2014,Transit,1.82,11.7,Mass,4.754,775,105.333,0.05123,4725,0.69,0.75,0.05,6.89,262.351
Kepler-113 c,Kepler-113,2014,Transit,2.18,8.7,Mass,8.92507,628,45.596,0.07796,4725,0.69,0.75,0.05,6.89,262.351
Kepler-114 b,Kepler-114,2014,Transit,1.26,1.09,Mass,5.188549,586,92.535,0.053,4605,0.667,0.77,0.2291,2.69,259.533
Kepler-114 c,Kepler-114,2013,Transit,1.6,2.8,Mass,8.041,507,51.623,0.06482,4660,0.54,0.56,0.2291,2.69,259.533
Kepler-114 d,Kepler-114,2013,Transit,2.53,3.9,Mass,11.776,446,31.016,0.08358,4660,0.54,0.56,0.2291,2.69,259.533
Kepler-117 b,Kepler-117,2014,Transit,8.059,29.875,Mass,18.7959228,984,157.541,0.1445,6150,1.606,1.129,-0.04,5.3,1455.57
Kepler-117 c,Kepler-117,2014,Transit,12.341,584.78,Mass,50.790391,704,41.863,0.2804,6150,1.606,1.129,-0.04,5.3,1455.57
Kepler-12 b,Kepler-12,2011,Transit,19.660586,137.30256,Mass,4.4379629,1480,877.539,0.0553,5947,1.483,1.166,0.07,4,881.386
Kepler-120 b,Kepler-120,2014,Transit,2.15,8.5,Mass,6.312501,575,42.692,0.055,4096,0.534,0.654,-0.12,3.63,388.63
Kepler-122 e,Kepler-122,2014,Transit,2.6,27.7,Mass,37.993273,618,36.299,0.227,6050,1.216,0.982,-0.08,7.94,1027.45
Kepler-122 f,Kepler-122,2014,Transit,1.75,36,Mass,56.268,543,21.524,0.28575,5917,0.949,1.03,-0.08,7.94,1027.45
Kepler-123 b,Kepler-123,2014,Transit,2.94,55.3,Mass,17.232366,817,138.807,0.135,6089,1.264,1.079,-0.08,5.01,1021.66
Kepler-128 b,Kepler-128,2013,Transit,1.421,3.79,Mass,15,968,227.398,0.12545,6072,1.659,1.184,-0.03,4.07,396.379
Kepler-128 c,Kepler-128,2013,Transit,1.521,3.38,Mass,22.8,843,130.979,0.16517,6072,1.659,1.184,-0.03,4.07,396.379
Kepler-129 c,Kepler-129,2014,Transit,2.52,43,Mass,82.2,525,17.554,0.39,5770,1.653,1.178,0.29,6.43,408.845
Kepler-131 b,Kepler-131,2014,Transit,2.41,16.13,Mass,16.092,718,66.122,0.12789,5685,1.03,1.02,0.12,3.66,228.678
Kepler-131 c,Kepler-131,2014,Transit,0.84,8.25,Mass,25.5169,615,35.736,0.17391,5685,1.03,1.02,0.12,3.66,228.678
Kepler-136 b,Kepler-136,2014,Transit,2.05,19.8,Mass,11.5789,951,257.984,0.106,6165,1.355,1.204,0.0002,2.75,420.818
Kepler-138 b,Kepler-138,2014,Transit,0.64,0.07,Mass,10.3134,452,9.9,0.0753,3841,0.535,0.535,-0.18,2.21,66.8624
Kepler-138 c,Kepler-138,2014,Transit,1.51,2.3,Mass,13.7815,410,6.8,0.0913,3841,0.535,0.535,-0.18,2.21,66.8624
Kepler-138 d,Kepler-138,2014,Transit,1.51,2.1,Mass,23.0923,345,3.4,0.1288,3841,0.535,0.535,-0.18,2.21,66.8624
Kepler-139 b,Kepler-139,2014,Transit,2.94,7,Mass,15.771044,752,64.78,0.127,5594,1.3,1.078,0.35,5.1,391.038
Kepler-139 c,Kepler-139,2014,Transit,3.38,13,Mass,157.072878,350,3.023,0.586,5594,1.3,1.078,0.35,5.1,391.038
Kepler-139 d,Kepler-139,2023,Transit,1.695,2,Mass,7.305699922,972,172.3,0.0755533961,5622,1.045,1.078,0.35,5.1,391.038
Kepler-14 b,Kepler-14,2011,Transit,12.733,2669.66,Mass,6.790123,1605,1029.51,0.0771,6395,2.048,1.512,0.12,2.2,798
Kepler-145 b,Kepler-145,2013,Transit,2.65,37.1,Mass,22.951,873,154.705,0.17308,6022,1.85,1.32,-0.0014,3.24,566.85
Kepler-145 c,Kepler-145,2013,Transit,4.32,79.4,Mass,42.882,709,67.193,0.26244,6022,1.85,1.32,-0.0014,3.24,566.85
Kepler-15 b,Kepler-15,2011,Transit,10.76,209.76,Mass,4.942782,1251,430.677,0.05714,5515,0.992,1.018,0.36,3.7,739.412
Kepler-1513 b,Kepler-1513,2016,Transit,8.594,48.30991786,Mass,160.8842,346,2.23,0.56971,5491,0.95,0.943,0.17,7,349.247
Kepler-1514 b,Kepler-1514,2016,Transit,12.419572,1678.1424,Mass,217.83184,387.9,3.23,0.753,6145,1.289,1.196,0.119,2.9,397.292
Kepler-16 b,Kepler-16,2011,Transit,8.4493,105.833,Mass,228.776,205.9,0.2517,0.7048,4450,0.6489,0.6897,-0.3,3.8,75.0852
Kepler-161 b,Kepler-161,2014,Transit,2.12,2.63,Mass,4.921355,868,123.4,0.054,5078,0.806,0.853,0.24,0.91,434.632
Kepler-161 c,Kepler-161,2014,Transit,2.05,3.61,Mass,7.06424,769,76.201,0.068,5078,0.806,0.853,0.24,0.91,434.632
Kepler-1647 b,Kepler-1647,2016,Transit,11.8739,483,Mass,1107.5923,242.92,0.5956,2.7205,6210,1.7903,1.2207,-0.14,4.4,1212.45
Kepler-1654 b,Kepler-1654,2018,Transit,9.180171,158.915,Mass,1047.8356,206,0.3,2.026,5597,1.179,1.011,-0.088,5,568.117
Kepler-1655 b,Kepler-1655,2018,Transit,2.213,5.4,Mass,11.8728787,938,129.1,0.1029,6148,1.03,1.03,-0.24,2.56,213.26
Kepler-1656 b,Kepler-1656,2018,Transit,4.574,47.8,Mass,31.562,651,24.6,0.1974,5569,1.1,1.03,0.19,6.31,185.875
Kepler-1661 b,Kepler-1661,2020,Transit,3.87,17,Mass,175.06,243,0.88,0.633,5100,0.762,0.841,-0.12,2,410.607
Kepler-167 e,Kepler-167,2016,Transit,10.16,321.0066911,Mass,1071.23205,134.4,0.1,1.883,4884,0.749,0.777,0.02,7.1,341.908
Kepler-17 b,Kepler-17,2011,Transit,14.68,778.65,Mass,1.4857108,1570,1481.766,0.02591,5781,1.01034,1.04,0.26,1.8,720.753
Kepler-170 b,Kepler-170,2014,Transit,3.2,82.6,Mass,7.930592,899,136.522,0.08,5679,1.035,1.066,0.39,1.58,738.657
Kepler-1704 b,Kepler-1704,2021,Transit,11.94877343,1322.166173,Mass,988.88112,253.8,0.342,2.027,5746,1.697,1.132,0.196,7.4,835.455
Kepler-1705 b,Kepler-1705,2021,Transit,2.03,4.47,Mass,9.03502,789,91.74,0.08,6312,1.259,1.139,-0.2,2.59,1633.49
Kepler-1708 b,Kepler-1708,2021,Transit,9.96,1462.010672,Mass,737.1131,245.02,0.561,1.64,6157,1.117,1.088,0,3.16,1666.69
Kepler-176 b,Kepler-176,2014,Transit,1.43,290.537,Mass,5.433074,841,123.802,0.058,5232,0.891,0.86,0.13,2.45,527.321
Kepler-176 c,Kepler-176,2014,Transit,2.6,1.33,Mass,12.759712,633,39.631,0.102,5232,0.891,0.86,0.13,2.45,527.321
Kepler-176 d,Kepler-176,2014,Transit,2.51,1.72,Mass,25.751974,501,15.536,0.163,5232,0.891,0.86,0.13,2.45,527.321
Kepler-176 e,Kepler-176,2016,Transit,1.45,0.52075,Mass,51.16579,398,6.22,0.25654,5295,0.83,0.87,0.03,4.68,527.321
Kepler-177 b,Kepler-177,2013,Transit,3.5,5.84,Mass,36.8601,549,30.4,0.21101,5732,1.324,0.921,-0.11,11.75,1435.44
Kepler-177 c,Kepler-177,2013,Transit,8.73,14.7,Mass,49.40926,497,25.4,0.25655,5732,1.324,0.921,-0.11,11.75,1435.44
Kepler-18 b,Kepler-18,2011,Transit,2,6.9,Mass,3.504725,1165,355.735,0.0447,5345,1.108,0.972,0.19,10,433.047
Kepler-18 c,Kepler-18,2011,Transit,5.49,17.3,Mass,7.64159,899,126.081,0.0752,5345,1.108,0.972,0.19,10,433.047
Kepler-18 d,Kepler-18,2011,Transit,6.98,16.4,Mass,14.85888,720,51.922,0.1172,5345,1.108,0.972,0.19,10,433.047
Kepler-183 c,Kepler-183,2014,Transit,2.27,35.7,Mass,11.637071,857,108.717,0.103,5888,0.958,0.99,0.11,5.62,1050.64
Kepler-184 c,Kepler-184,2014,Transit,1.97,8.8,Mass,20.303005,630,29.875,0.141,5788,0.873,0.872,-0.1958,2.95,610.326
Kepler-1876 b,Kepler-1876,2021,Transit,0.853,2.4,Mass,6.99205,1299,475,0.0758,6104,1.477,1.187,0.01,4.4,259.935
Kepler-189 c,Kepler-189,2014,Transit,2.38,22.7,Mass,20.134866,544,18.811,0.137,5235,0.75,0.803,-0.04,3.98,591.534
Kepler-19 b,Kepler-19,2011,Transit,2.209,6.1,Mass,9.28699,851,87.6,0.0846,5541,0.859,0.936,-0.13,1.9,218.562
Kepler-197 c,Kepler-197,2014,Transit,1.23,5.3,Mass,10.349695,930,189.965,0.09,6004,1.12,0.857,-0.441,5.37,330.575
Kepler-1972 b,Kepler-1972,2022,Transit,0.802,2.02,Mass,7.54425,1084,341.3,0.08006,5818,1.384,1.12,0.23,7.4,287.339
Kepler-1972 c,Kepler-1972,2022,Transit,0.868,2.11,Mass,11.3295,1215,198.4,0.10493,5818,1.384,1.12,0.23,7.4,287.339
Kepler-20 b,Kepler-20,2011,Transit,1.773,9.7,Mass,3.6961049,1187,331,0.04565,5495,0.9164,0.929,0.07,5.6,282.563
Kepler-20 c,Kepler-20,2011,Transit,2.894,11.1,Mass,10.8540774,828,78.7,0.0936,5495,0.9164,0.929,0.07,5.6,282.563
Kepler-20 d,Kepler-20,2011,Transit,2.606,13.4,Mass,77.611455,430,5.71,0.3474,5495,0.9164,0.929,0.07,5.6,282.563
Kepler-20 e,Kepler-20,2011,Transit,0.821,0.76,Mass,6.0984882,1004,169.8,0.0637,5495,0.9164,0.929,0.07,5.6,282.563
Kepler-20 f,Kepler-20,2011,Transit,0.952,1.4,Mass,19.578328,681,35.9,0.1387,5495,0.9164,0.929,0.07,5.6,282.563
Kepler-203 c,Kepler-203,2014,Transit,2.47,749.9,Mass,5.370647,1096,329.788,0.061,5821,1.114,1.06,0.08,1.78,703.302
Kepler-203 d,Kepler-203,2014,Transit,1.44,33.9,Mass,11.32972,855,121.816,0.1,5821,1.114,1.06,0.08,1.78,703.302
Kepler-21 b,Kepler-21,2012,Transit,1.639,7.5,Mass,2.7858212,2015,2749,0.0434,6305,1.902,1.408,-0.03,2.84,108.522
Kepler-211 c,Kepler-211,2014,Transit,1.29,18.3,Mass,6.04045,841,95.436,0.062,5123,0.816,0.867,0.151,1.55,309.353
Kepler-215 d,Kepler-215,2014,Transit,2.39,23.6,Mass,30.864423,527,21.404,0.185,5739,1.027,0.788,-0.4425,1.62,485.997
Kepler-219 d,Kepler-219,2014,Transit,2.81,19.1,Mass,47.903645,598,20.01,0.272,5786,1.491,1.164,0.36,4,787.07
Kepler-22 b,Kepler-22,2011,Transit,2.1,9.1,Mass,289.863876,279,1.013,0.812,5596,0.869,0.857,-0.255,7,194.642
Kepler-221 b,Kepler-221,2014,Transit,1.71,5.95575,Mass,2.795906,1090,308.885,0.037,5243,0.821,0.854,0.0616,1.78,385.231
Kepler-221 c,Kepler-221,2014,Transit,2.93,9.3,Mass,5.690586,860,119.836,0.059,5243,0.821,0.854,0.0616,1.78,385.231
Kepler-221 d,Kepler-221,2014,Transit,2.73,3.61,Mass,10.04156,712,56.293,0.087,5243,0.821,0.854,0.0616,1.78,385.231
Kepler-221 e,Kepler-221,2014,Transit,2.63,7.86706,Mass,18.369917,582,25.156,0.13,5243,0.821,0.854,0.0616,1.78,385.231
Kepler-223 b,Kepler-223,2014,Transit,2.99,7.4,Mass,7.38449,1042,444.053,0.07525,5803,1.72,1.125,0.1,8.91,1859.71
Kepler-223 c,Kepler-223,2014,Transit,3.44,5.1,Mass,9.84564,947,302.474,0.09117,5803,1.72,1.125,0.1,8.91,1859.71
Kepler-223 d,Kepler-223,2014,Transit,5.24,8,Mass,14.78869,827,175.951,0.11956,5803,1.72,1.125,0.1,8.91,1859.71
Kepler-223 e,Kepler-223,2014,Transit,4.6,4.8,Mass,19.72567,751,119.882,0.14481,5803,1.72,1.125,0.1,8.91,1859.71
Kepler-226 b,Kepler-226,2014,Transit,1.55,24,Mass,3.940997,1018,270.402,0.047,5571,0.802,0.904,0.09,4.17,980.138
Kepler-226 c,Kepler-226,2014,Transit,2.27,45.2,Mass,5.349555,919,180.513,0.058,5571,0.802,0.904,0.09,4.17,980.138
Kepler-23 b,Kepler-23,2011,Transit,1.638,2.56,Mass,7.1,1157,446.107,0.07212,5828,1.548,1.078,-0.112,9.12,835.756
Kepler-23 c,Kepler-23,2011,Transit,3.005,7.81,Mass,10.74,1008,257.39,0.09501,5828,1.548,1.078,-0.112,9.12,835.756
Kepler-23 d,Kepler-23,2014,Transit,2.206,4.44,Mass,15.27,896,161.038,0.12012,5828,1.548,1.078,-0.112,9.12,835.756
Kepler-231 b,Kepler-231,2014,Transit,1.73,35.4,Mass,10.065275,488,14.879,0.074,3767,0.49,0.58,-0.1,3.15,316.618
Kepler-231 c,Kepler-231,2014,Transit,1.93,24.1,Mass,19.271566,393,6.267,0.114,3767,0.49,0.58,-0.1,3.15,316.618
Kepler-238 b,Kepler-238,2014,Transit,1.73,3305.02,Mass,2.090876,1642,2500.588,0.034,5751,1.43,1.229,0.34,4.79,1798.75
Kepler-238 c,Kepler-238,2014,Transit,2.39,152.522,Mass,6.155557,1146,592.298,0.069,5751,1.43,1.229,0.34,4.79,1798.75
Kepler-238 d,Kepler-238,2014,Transit,3.07,23.1,Mass,13.233549,888,213.48,0.115,5751,1.43,1.229,0.34,4.79,1798.75
Kepler-238 e,Kepler-238,2013,Transit,5.6,169.7,Mass,23.654,731,98.461,0.17286,5800,0.96,1.06,0.34,4.79,1798.75
Kepler-238 f,Kepler-238,2013,Transit,2,13.5,Mass,50.447,568,35.869,0.28635,5800,0.96,1.06,0.34,4.79,1798.75
Kepler-24 b,Kepler-24,2011,Transit,2.348,11.14,Mass,8.14,1050,252.246,0.08045,6028,1.099,1.06,-0.0708,3.02,1156.81
Kepler-24 c,Kepler-24,2011,Transit,2.514,9.99,Mass,12.33,915,144.827,0.10612,6028,1.099,1.06,-0.0708,3.02,1156.81
Kepler-24 d,Kepler-24,2014,Transit,1.67,293.959,Mass,4.244384,1305,601.895,0.051,5897,1.289,1.046,-0.0708,3.02,1156.81
Kepler-24 e,Kepler-24,2014,Transit,2.78,26.2118,Mass,18.998355,792,81.506,0.138,5897,1.289,1.046,-0.0708,3.02,1156.81
Kepler-240 c,Kepler-240,2014,Transit,2.2,102.3,Mass,7.953528,696,59.838,0.074,4985,0.739,0.868,0.41,1.91,746.927
Kepler-244 d,Kepler-244,2014,Transit,2.31,15.2,Mass,20.050401,622,31.267,0.14,5554,0.803,0.933,0.07,2.4,1036.49
Kepler-245 b,Kepler-245,2014,Transit,2.57,146.78,Mass,7.49019,753,77.749,0.071,5100,0.795,0.856,0.12,3.63,861.527
Kepler-245 c,Kepler-245,2014,Transit,2.18,26.7,Mass,17.460812,568,25.152,0.124,5100,0.795,0.856,0.12,3.63,861.527
Kepler-245 d,Kepler-245,2014,Transit,3.03,21.6,Mass,36.277108,445,9.492,0.202,5100,0.795,0.856,0.12,3.63,861.527
Kepler-245 e,Kepler-245,2016,Transit,1.75,1806.36,Mass,3.219821056,998,240.151,0.04053,5174,0.8,0.86,0.05,3.63,861.527
Kepler-247 d,Kepler-247,2014,Transit,4.5,50,Mass,20.4737,530,15.9,0.14081,5094,0.791,0.884,0.21,2.14,663.711
Kepler-25 b,Kepler-25,2011,Transit,2.748,8.7,Mass,6.238297,1185,542.96,0.0695,6354,1.316,1.165,0.11,2.75,243.249
Kepler-25 c,Kepler-25,2011,Transit,5.217,15.2,Mass,12.7207,934,210.172,0.1117,6354,1.316,1.165,0.11,2.75,243.249
Kepler-254 c,Kepler-254,2014,Transit,2.15,3.2,Mass,12.412183,787,67.225,0.105,5957,0.91,0.849,-0.13,0.3,1389.48
Kepler-26 b,Kepler-26,2011,Transit,2.78,5.12,Mass,12.28,431,7.6,0.08551,3914,0.512,0.544,-0.13,2.95,335.307
Kepler-26 c,Kepler-26,2011,Transit,2.72,6.2,Mass,17.2559,385,4.82,0.10725,3914,0.512,0.544,-0.13,2.95,335.307
Kepler-267 b,Kepler-267,2014,Transit,1.98,37.9,Mass,3.353728,615,45.843,0.037,4258,0.555,0.541571,-0.18,3.06,264.993
Kepler-27 b,Kepler-27,2011,Transit,4,2895.31,Mass,15.3348,610,28.681,0.118,5400,0.59,0.65,0.41,1.62,1044.36
Kepler-27 c,Kepler-27,2011,Transit,4.9,4385.87,Mass,31.3309,481,11.067,0.191,5400,0.59,0.65,0.41,1.62,1044.36
Kepler-272 b,Kepler-272,2014,Transit,1.43,78,Mass,2.971353,1200,801.741,0.038,5297,0.929,0.91,0.04,13.18,889.608
Kepler-272 c,Kepler-272,2014,Transit,1.79,97.8,Mass,6.057342,947,310.76,0.061,5297,0.929,0.91,0.04,13.18,889.608
Kepler-276 b,Kepler-276,2014,Transit,2.87,731.209,Mass,14.12841,739,58.586,0.119,6105,1.046,0.845,-0.29,0.4,1144.86
Kepler-276 c,Kepler-276,2013,Transit,2.9,16.6,Mass,31.884,563,19.793,0.18619,5693,1.03,1.1,-0.29,0.4,1144.86
Kepler-276 d,Kepler-276,2013,Transit,2.8,16.3,Mass,48.648,489,11.274,0.24666,5693,1.03,1.1,-0.29,0.4,1144.86
Kepler-277 b,Kepler-277,2013,Transit,2.92,87.3,Mass,17.324,964,198.245,0.14168,5946,1.69,1.12,0.09,3.89,976.643
Kepler-277 c,Kepler-277,2013,Transit,3.36,64.2,Mass,33.006,778,83.898,0.21781,5946,1.69,1.12,0.09,3.89,976.643
Kepler-278 b,Kepler-278,2014,Transit,3.955,56,Mass,30.1556,586,110,0.202,4965,2.861,1.227,0.22,5.761,443.03
Kepler-278 c,Kepler-278,2014,Transit,3.268,34.9,Mass,51.111,492,54.3,0.287,4965,2.861,1.227,0.22,5.761,443.03
Kepler-279 b,Kepler-279,2014,Transit,3.62,4180.93,Mass,12.309681,1104,249.021,0.112,6363,1.746,1.2,-0.1141,0.22,1037.4
Kepler-279 c,Kepler-279,2013,Transit,4.3,49.4,Mass,35.736,774,60.157,0.2236,6689.45,1.07,1.1,-0.1141,0.22,1037.4
Kepler-279 d,Kepler-279,2013,Transit,3.1,37.5,Mass,54.414,574,35.739,0.2901,6689.45,1.07,1.1,-0.1141,0.22,1037.4
Kepler-279 e,Kepler-279,2025,Transit,4.13,56,Mass,98.3531,552,21.96,0.439,6689.45,1.43,1.164,-0.1141,0.22,1037.4
Kepler-28 b,Kepler-28,2011,Transit,1.959,1.63,Mass,5.91,585,62.577,0.05687,4499.3,0.664,0.684,0.1451,1.91,438.359
Kepler-28 c,Kepler-28,2011,Transit,1.857,2.06,Mass,8.99,509,35.898,0.07519,4499.3,0.664,0.684,0.1451,1.91,438.359
Kepler-281 b,Kepler-281,2014,Transit,2.82,324,Mass,14.646008,694,118.246,0.117,5723,0.899,0.95,0.02,0.6,1745.45
Kepler-281 c,Kepler-281,2014,Transit,5.31,161.124,Mass,36.337373,513,35.203,0.215,5723,0.899,0.95,0.02,0.6,1745.45
Kepler-281 d,Kepler-281,2021,Transit,5.93747806,654,Mass,148.2720032,321,2.51,0.5456,5717,0.884,0.984,0,0.6,1745.45
Kepler-282 d,Kepler-282,2013,Transit,2.46,61,Mass,24.806,588,52.348,0.15837,5656,0.89,0.97,-0.2,12.88,1337.61
Kepler-282 e,Kepler-282,2013,Transit,3.1,56.2,Mass,44.347,484,24.114,0.23332,5656,0.89,0.97,-0.2,12.88,1337.61
Kepler-287 b,Kepler-287,2014,Transit,2.33,83,Mass,20.342199,667,35.75,0.145,5806,1.032,0.963,0.117,2.88,835.86
Kepler-287 c,Kepler-287,2014,Transit,3.26,66,Mass,44.851896,513,12.457,0.246,5806,1.032,0.963,0.117,2.88,835.86
Kepler-289 b,Kepler-289,2014,Transit,2.49,3.7,Mass,34.5383,607,27.371,0.21183,5990,1,1.08,0.05,0.65,704.438
Kepler-289 c,Kepler-289,2014,Transit,11.23,157.18,Mass,125.8723,394,4.882,0.50155,5990,1,1.08,0.05,0.65,704.438
Kepler-289 d,Kepler-289,2014,Transit,3.03,5.33,Mass,66.0282,502.81,10.5675,0.33,5990,1,1.08,0.05,0.65,704.438
Kepler-289 e,Kepler-289,2025,Transit,2.94,17.4,Mass,330.0716,286,1.58,0.9342,5990,0.985,1.061,-0.0098,0.65,704.438
Kepler-29 b,Kepler-29,2011,Transit,2.55,5,Mass,10.33974,777,55.9,0.08482,5378,0.732,0.761,-0.44,0.3,832.532
Kepler-29 c,Kepler-29,2011,Transit,2.34,4.5,Mass,13.28613,715,34.4,0.10027,5378,0.732,0.761,-0.44,0.3,832.532
Kepler-297 b,Kepler-297,2014,Transit,2.87,48.5,Mass,38.871826,509,16.464,0.217,5619,0.915,0.927,-0.11,1.9,692.14
Kepler-297 c,Kepler-297,2014,Transit,6.54,42.1,Mass,74.920137,409,6.86,0.336,5619,0.915,0.927,-0.11,1.9,692.14
Kepler-30 b,Kepler-30,2012,Transit,3.9,11.3,Mass,29.33434,524,16.379,0.18,5498,0.95,0.99,0.18,2,914.221
Kepler-30 c,Kepler-30,2012,Transit,12.3,640,Mass,60.323105,411,6.217,0.3,5498,0.95,0.99,0.18,2,914.221
Kepler-30 d,Kepler-30,2012,Transit,8.8,23.1,Mass,143.34394,308,1.962,0.5,5498,0.95,0.99,0.18,2,914.221
Kepler-305 b,Kepler-305,2013,Transit,3.6,10.5,Mass,5.487,836,112.914,0.05746,5080,0.8,0.76,0.09,4.37,868.477
Kepler-305 c,Kepler-305,2013,Transit,3.3,6,Mass,8.291,728,65.1,0.07568,5080,0.8,0.76,0.09,4.37,868.477
Kepler-305 d,Kepler-305,2014,Transit,2.76,6.2,Mass,16.74,576,25.523,0.12091,5090,0.792,0.827,0.09,4.37,868.477
Kepler-307 b,Kepler-307,2013,Transit,2.43,7.44,Mass,10.4208,797,59.7,0.09359,5367,0.814,0.907,0.19,0.95,575.581
Kepler-307 c,Kepler-307,2013,Transit,2.2,3.64,Mass,13.0729,739,44,0.10896,5367,0.814,0.907,0.19,0.95,575.581
Kepler-31 b,Kepler-31,2011,Transit,5.5,36.7418,Mass,20.8613,781,91.474,0.16,6340,1.22,1.21,-0.076,0.28,1664.64
Kepler-31 c,Kepler-31,2011,Transit,5.3,1493.7,Mass,42.6318,615,35.254,0.26,6340,1.22,1.21,-0.076,0.28,1664.64
Kepler-31 d,Kepler-31,2014,Transit,3.9,2161.244,Mass,87.6451,484,11.8,0.4,6340,1.22,1.21,-0.076,0.28,1664.64
Kepler-310 d,Kepler-310,2014,Transit,2.47,7,Mass,92.876125,353,3.664,0.392,5797,0.876,0.854,-0.12,1.9,602.268
Kepler-317 b,Kepler-317,2014,Transit,2.09,109.8,Mass,5.524242,976,151.652,0.061,5497,0.941,0.865,0.13,3.72,940.584
Kepler-32 b,Kepler-32,2011,Transit,2.2,1303,Mass,5.90124,514,22.025,0.05,3900,0.53,0.58,0,5.6,323.847
Kepler-32 c,Kepler-32,2011,Transit,2,158.9,Mass,8.7522,451,10.68,0.09,3900,0.53,0.58,0,5.6,323.847
Kepler-32 d,Kepler-32,2012,Transit,2.7,39.9089,Mass,22.7802,328,3.631,0.13,3900,0.53,0.58,0,5.6,323.847
Kepler-32 e,Kepler-32,2012,Transit,1.5,4.08181,Mass,2.896,652,56.649,0.033,3900,0.53,0.58,0,5.6,323.847
Kepler-32 f,Kepler-32,2012,Transit,0.82,1862.11,Mass,0.74296,1026,349.645,0.013,3900,0.53,0.58,0,5.6,323.847
Kepler-323 b,Kepler-323,2014,Transit,1.381,3.9,Mass,1.678328,1838,1900,0.02778,6004,1.12,1.015,-0.14,5.4,454.883
Kepler-323 c,Kepler-323,2014,Transit,1.57,6.8,Mass,3.5538229,1431,700,0.0458,6004,1.12,1.015,-0.14,5.4,454.883
Kepler-324 b,Kepler-324,2014,Transit,1.14,2414.4,Mass,4.385315,935,194.34,0.05,5194,0.84,0.901,0.18,3.39,501.574
Kepler-324 c,Kepler-324,2014,Transit,3.15,6.2,Mass,51.805612,410,7.233,0.26,5194,0.84,0.901,0.18,3.39,501.574
Kepler-324 e,Kepler-324,2021,Transit,2.03862444,235.014,Mass,13.97939968,635,38.9,0.10972,5191,0.826,0.844,0.08,3.39,501.574
Kepler-326 b,Kepler-326,2014,Transit,1.52,44.6,Mass,2.248329,1127,783.449,0.032,5105,0.801,0.91,0.2385,13.18,487.675
Kepler-326 c,Kepler-326,2014,Transit,1.4,17.4,Mass,4.580358,889,303.62,0.051,5105,0.801,0.91,0.2385,13.18,487.675
Kepler-326 d,Kepler-326,2014,Transit,1.21,6.9,Mass,6.766888,781,180.644,0.066,5105,0.801,0.91,0.2385,13.18,487.675
Kepler-327 c,Kepler-327,2014,Transit,1.03,20.3,Mass,5.212333,537,28.272,0.047,3799,0.492,0.591913,-0.2,3.28,241.987
Kepler-328 b,Kepler-328,2013,Transit,2.3,28.5,Mass,34.921,602,57.079,0.2199,6064,1.06,1.15,0.08,2.57,2213.19
Kepler-328 c,Kepler-328,2013,Transit,5.4,39.4,Mass,71.312,475,22.025,0.354,6064,1.06,1.15,0.08,2.57,2213.19
Kepler-33 c,Kepler-33,2011,Transit,3.2,0.39,Mass,13.17562,1009,241.759,0.1189,5904,1.82,1.291,0.025,4.27,1209.16
Kepler-33 d,Kepler-33,2011,Transit,5.35,3.91,Mass,21.77596,853,123.691,0.1662,5904,1.82,1.291,0.025,4.27,1209.16
Kepler-33 e,Kepler-33,2011,Transit,4.02,5.57,Mass,31.7844,752,74.72,0.2138,5904,1.82,1.291,0.025,4.27,1209.16
Kepler-33 f,Kepler-33,2011,Transit,4.46,9.6,Mass,41.02902,691,53.183,0.2535,5904,1.82,1.291,0.025,4.27,1209.16
Kepler-333 b,Kepler-333,2014,Transit,1.32,28.2,Mass,12.551158,480,16.819,0.087,4259,0.534,0.601,0.0465,3.24,324.413
Kepler-338 b,Kepler-338,2014,Transit,2.44,30.6,Mass,13.726976,1005,256.606,0.117,5923,1.735,1.105,-0.029,6.46,552.798
Kepler-338 e,Kepler-338,2014,Transit,1.56,8.5,Mass,9.341,1143,428.524,0.08979,5999,1.735,1.14,-0.029,6.46,552.798
Kepler-339 c,Kepler-339,2014,Transit,1.15,7.3,Mass,6.988055,914,101.841,0.069,5631,0.802,0.87,0.033,0.98,616.637
Kepler-339 d,Kepler-339,2014,Transit,1.17,14.7,Mass,10.558345,796,58.651,0.091,5631,0.802,0.87,0.033,0.98,616.637
Kepler-34 b,Kepler-34,2011,Transit,8.564,69.92,Mass,288.822,294.42,1.2545,1.0896,5913,1.1618,1.0479,-0.07,,1800.82
Kepler-345 b,Kepler-345,2014,Transit,0.74,0.48,Mass,7.415563,622,35.37,0.066,4504,0.623,0.61,0.1905,2.75,260
Kepler-345 c,Kepler-345,2014,Transit,1.2,2.2,Mass,9.387427,575,25.83,0.077,4504,0.623,0.61,0.1905,2.75,260
Kepler-349 b,Kepler-349,2014,Transit,1.9,94.5,Mass,5.929778,972,248.274,0.065,5956,0.927,1.083,0.1509,0.55,940.724
Kepler-35 b,Kepler-35,2011,Transit,8.16,40.363,Mass,131.458,352.89,2.5804,0.60347,5606,1.0284,0.8877,-0.34,,1819.17
Kepler-350 b,Kepler-350,2014,Transit,1.85,16.9,Mass,11.189562,1037,257.721,0.104,6186,1.534,1.19,0.041,4,956.859
Kepler-350 c,Kepler-350,2013,Transit,3.1,6.1,Mass,17.849,888,138.415,0.1385,6492.3,1.25,1,0.041,4,956.859
Kepler-350 d,Kepler-350,2013,Transit,2.8,14.9,Mass,26.136,782,83.237,0.1786,6492.3,1.25,1,0.041,4,956.859
Kepler-351 b,Kepler-351,2014,Transit,3.06,4.8,Mass,37.054919,498,11.983,0.214,5643,0.854,0.81,-0.16,2.9,1083.91
Kepler-351 c,Kepler-351,2014,Transit,3.19,11.1,Mass,57.24809,431,6.712,0.287,5643,0.854,0.81,-0.16,2.9,1083.91
Kepler-359 c,Kepler-359,2014,Transit,4.3,2.9,Mass,57.68802,512,8.1,0.307,6248,1.086,0.827,-0.29,3.02,1443.21
Kepler-359 d,Kepler-359,2014,Transit,4.01,2.7,Mass,77.095691,464,5.5,0.372,6248,1.086,0.827,-0.29,3.02,1443.21
Kepler-36 b,Kepler-36,2012,Transit,1.498,3.83,Mass,13.86825,978,247,0.11419,5979,1.634,1.034,-0.18,7.41,527.956
Kepler-36 c,Kepler-36,2012,Transit,3.679,7.13,Mass,16.21865,928,191,0.12692,5979,1.634,1.034,-0.18,7.41,527.956
Kepler-363 c,Kepler-363,2014,Transit,1.69,66.4,Mass,7.542427,1054,376.29,0.079,5593,1.485,1.226,0.3965,5.5,762.596
Kepler-37 b,Kepler-37,2013,Transit,0.3098,0.79,Mass,13.36702,718,44.5,0.1019,5357,0.789,0.79,-0.36,7.6,63.9207
Kepler-37 c,Kepler-37,2013,Transit,0.755,1.3,Mass,21.301848,615,23.9,0.139,5357,0.789,0.79,-0.36,7.6,63.9207
Kepler-37 d,Kepler-37,2013,Transit,2.03,2,Mass,39.7922622,499,10.39,0.2109,5357,0.789,0.79,-0.36,7.6,63.9207
Kepler-38 b,Kepler-38,2012,Transit,4.3,122,Mass,105.599,475,14.4568,0.4632,5623,1.752,0.941,-0.11,10,1174.59
Kepler-385 b,Kepler-385,2014,Transit,2.73,12.8,Mass,10.043686,951,143.919,0.097,6326,1.126,0.992,0.01,3.31,1432.61
Kepler-385 c,Kepler-385,2014,Transit,3.04,13.2,Mass,15.163161,829,83.155,0.127,6326,1.126,0.992,0.01,3.31,1432.61
Kepler-39 b,Kepler-39,2011,Transit,13.9,6388.1,Mass,21.08721,897,90.22,0.164,6350,1.4,1.29,0.1,2.1,1057.41
Kepler-391 b,Kepler-391,2014,Transit,2.5,1100,Mass,7.4175,930,690,0.083,5038,2.879,1.27,0.04,4.365,869.236
Kepler-391 c,Kepler-391,2014,Transit,2.88,450,Mass,20.501,662,179,0.164,5038,2.879,1.27,0.04,4.365,869.236
Kepler-396 b,Kepler-396,2013,Transit,3.5,75.5,Mass,42.994,496,13.731,0.24067,5656,1.06,0.85,0.1558,0.62,223.757
Kepler-396 c,Kepler-396,2013,Transit,5.3,17.9,Mass,88.505,390,5.244,0.38946,5656,1.06,0.85,0.1558,0.62,223.757
Kepler-4 b,Kepler-4,2009,Transit,4.002,24.472,Mass,3.21346,1650,1245.431,0.0456,5857,1.487,1.223,0.17,4.5,487.916
Kepler-40 b,Kepler-40,2010,Transit,13.11,699.2,Mass,6.87349,1620,1187.965,0.08,6510,2.13,1.48,0.1,2.8,2305.01
Kepler-406 b,Kepler-406,2014,Transit,1.43,6.35,Mass,2.42629,1302,826.933,0.03599,5538,1.07,1.07,0.18,5.84,364.03
Kepler-406 c,Kepler-406,2014,Transit,0.85,2.71,Mass,4.62332,1050,349.769,0.05531,5538,1.07,1.07,0.18,5.84,364.03
Kepler-407 b,Kepler-407,2014,Transit,1.19,1.93,Mass,0.6693124,1983,4102.008,0.01531,5487,1.04,0.99,0.35,2.88,338.368
Kepler-408 b,Kepler-408,2014,Transit,0.82,5,Mass,2.46502,1561,1503.581,0.03592,6104,1.23,1.08,-0.2,6.68,88.7832
Kepler-409 b,Kepler-409,2014,Transit,1.199,6,Mass,68.9583216,438,6.15,0.3192,5421,0.897,0.913,0.05,5.8,68.173
Kepler-41 b,Kepler-41,2011,Transit,14.46,177.98,Mass,1.8555582,1790,2036.749,0.03101,5750,1.29,1.15,0.38,4.4,1093.08
Kepler-411 b,Kepler-411,2013,Transit,2.401,25.6,Mass,3.005156,1138,201.3,0.0375,4974,0.82,0.87,0.21,0.212,153.676
Kepler-411 c,Kepler-411,2016,Transit,4.421,26.4,Mass,7.834435,838,56,0.0739,4974,0.82,0.87,0.21,0.212,153.676
Kepler-411 d,Kepler-411,2018,Transit,3.319,15.2,Mass,58.02035,410,3.9,0.279,4974,0.82,0.87,0.21,0.212,153.676
Kepler-412 b,Kepler-412,2014,Transit,15.031269,299.07803,Mass,1.7208604,1850,2144.307,0.02897,5750,1.287,1.167,0.27,5.37,1086.24
Kepler-413 b,Kepler-413,2014,Transit,4.347,67,Mass,66.262,334.96,2.9436,0.3553,4700,0.7761,0.82,-0.2,,847.536
Kepler-414 b,Kepler-414,2014,Transit,1.71,3.5,Mass,4.7,1024,241.171,0.0543,5536,0.946,0.89,0.18,1.55,413.46
Kepler-414 c,Kepler-414,2014,Transit,3.01,29.9,Mass,7.171,890,137.086,0.07195,5536,0.946,0.89,0.18,1.55,413.46
Kepler-415 b,Kepler-415,2014,Transit,1.21,119.9,Mass,4.176,694,69.834,0.0426,4362,0.643,0.67,0.01,4.9,530.487
Kepler-416 b,Kepler-416,2014,Transit,2.48,58.2,Mass,6.319,986,224.089,0.0674,5718,1.075,1,0.1259,2.69,690.819
Kepler-417 b,Kepler-417,2014,Transit,2.31,11,Mass,12.331,671,43.624,0.1006,5177,0.806,0.9,-0.204,4.9,973.989
Kepler-418 b,Kepler-418,2014,Transit,13.45,349.6112477,Mass,86.67856,434,8.877,0.39249,5820,1.09,0.98,-0.05,7,1002.53
Kepler-419 b,Kepler-419,2014,Transit,10.8,794.5,Mass,69.7546,613,37.416,0.37,6430,1.74,1.39,0.176,2.14,1011.36
Kepler-42 b,Kepler-42,2011,Transit,0.78,0.705944,Mass,1.2137672,519,22.388,0.0116,3068,0.17,0.13,-0.33,4.5,40.0595
Kepler-42 c,Kepler-42,2011,Transit,0.73,60.337,Mass,0.45328509,720,82.125,0.006,3068,0.17,0.13,-0.33,4.5,40.0595
Kepler-42 d,Kepler-42,2011,Transit,0.57,0.357785,Mass,1.865169,450,12.538,0.0154,3068,0.17,0.13,-0.33,4.5,40.0595
Kepler-422 b,Kepler-422,2014,Transit,12.89,136.66,Mass,7.8914483,1028,264.983,0.082,5972,1.24,1.15,0.23,3.4,722.795
Kepler-423 b,Kepler-423,2014,Transit,13.361,189.101,Mass,2.6843285,1605,649.148,0.03585,5560,0.95,0.85,-0.1,11,758.753
Kepler-424 b,Kepler-424,2014,Transit,9.98,327.35,Mass,3.3118644,1116,470.754,0.044,5460,0.94,1.01,0.44,4.9,698.646
Kepler-425 b,Kepler-425,2014,Transit,10.962,79.45,Mass,3.79701816,1070,229.036,0.0464,5170,0.86,0.93,0.24,5,646.647
Kepler-426 b,Kepler-426,2014,Transit,12.22,108.06,Mass,3.21751883,1300,410.723,0.0414,5725,0.92,0.91,-0.21,6,843.695
Kepler-427 b,Kepler-427,2014,Transit,13.79,92.17,Mass,10.290994,1100,208.721,0.091,5800,1.35,0.96,-0.19,7,1017.8
Kepler-428 b,Kepler-428,2014,Transit,12.11,403.63,Mass,3.52563254,1070,195.088,0.0433,5150,0.8,0.87,0.09,5,686.284
Kepler-43 b,Kepler-43,2011,Transit,13.663771,1026.5909,Mass,3.0240949,1620,1138.115,0.046,6041,1.42,1.32,0.33,0.69,1005.84
Kepler-432 b,Kepler-432,2015,Transit,12.834305,1719.4603,Mass,52.501129,812,97.846,0.301,4995,4.06,1.32,-0.07,4.2,848.023
Kepler-433 b,Kepler-433,2015,Transit,16.25,896.24,Mass,5.33408384,1776,1682.66,0.0679,6360,2.26,1.46,-0.01,2.67,1878.31
Kepler-434 b,Kepler-434,2015,Transit,12.67,908.96,Mass,12.8747099,1000,158.285,0.1143,5977,1.38,1.198,0.25,4,1222.54
Kepler-435 b,Kepler-435,2015,Transit,22.31,266.97,Mass,8.6001536,1729,677.917,0.0948,6161,3.21,1.538,-0.18,2.25,1418.77
Kepler-44 b,Kepler-44,2011,Transit,12.22,317.82,Mass,3.2467293,1544,1109.223,0.0446,5800,1.35,1.12,0.15,5.8,1188
Kepler-444 d,Kepler-444,2015,Transit,0.53,0.2,Mass,6.189392,783,109.638,0.06,5046,0.752,0.758,-0.55,11.23,36.4396
Kepler-444 e,Kepler-444,2015,Transit,0.546,0.1,Mass,7.743493,727,81.344,0.0696,5046,0.752,0.758,-0.55,11.23,36.4396
Kepler-447 b,Kepler-447,2015,Transit,18.49,435.41,Mass,7.79430132,882,119.039,0.0769,5493,1.05,1,0.07,1.62,268.041
Kepler-45 b,Kepler-45,2011,Transit,10.76,160.497,Mass,2.455239,1000,68.37,0.03,3820,0.55,0.59,0.28,0.5,381.949
Kepler-450 b,Kepler-450,2015,Transit,6.14,19.4,Mass,28.454851,769,94.325,0.20092,6197.21,1.64162,1.19,0.1278,2.57,455.982
Kepler-450 c,Kepler-450,2015,Transit,2.62,12.5,Mass,15.413135,944,213.731,0.13351,6197.21,1.64162,1.19,0.1278,2.57,455.982
Kepler-450 d,Kepler-450,2015,Transit,0.837,17.6,Mass,7.51464,1199,557.205,0.0827,6197.21,1.64162,1.19,0.1278,2.57,455.982
Kepler-453 b,Kepler-453,2015,Transit,6.204,16,Mass,240.503,273.62,0.9636,0.7903,5527,0.833,0.944,0.09,2.49,442.846
Kepler-454 b,Kepler-454,2015,Transit,2.37,5.4,Mass,10.5737534,916,117.7,0.09528,5687,1.066,1.03,0.32,5.25,230.869
Kepler-46 b,Kepler-46,2012,Transit,9.057,1907,Mass,33.60134,543,10.9,0.1968,5155,0.938,0.902,0.41,9.7,777.06
Kepler-462 b,Kepler-462,2016,Transit,3,53.9,Mass,84.6866,611,31.269,0.4172,7500,1.57,1.59,0.05,0.5,596.625
Kepler-462 c,Kepler-462,2018,Transit,4,6,Mass,207.62,453,9.97,0.7584,7500,1.57,1.59,0.05,0.5,596.625
Kepler-47 b,Kepler-47,2012,Transit,3.05,2.07,Mass,49.4643,490.2,10.1419,0.2877,5636,0.936,0.957,-0.25,,1025.02
Kepler-47 c,Kepler-47,2012,Transit,4.65,3.17,Mass,303.227,267.82,0.9037,0.9638,5636,0.936,0.957,-0.25,,1025.02
Kepler-47 d,Kepler-47,2019,Transit,7.04,19.02,Mass,187.366,314.44,1.7171,0.6992,5636,0.936,0.957,-0.25,,1025.02
Kepler-48 b,Kepler-48,2012,Transit,1.88,3.94,Mass,4.778,932,173.12,0.05394,5194,0.89,0.88,0.17,3.14,306.738
Kepler-48 c,Kepler-48,2012,Transit,2.71,14.61,Mass,9.67395,736,67.593,0.08633,5194,0.89,0.88,0.17,3.14,306.738
Kepler-48 d,Kepler-48,2014,Transit,2.04,7.93,Mass,42.8961,448,9.292,0.23302,5194,0.89,0.88,0.17,3.14,306.738
Kepler-49 b,Kepler-49,2012,Transit,2.579,9.77,Mass,7.2,509,21.481,0.05929,4095.6,0.618,0.607,0.03,2.88,311.222
Kepler-49 c,Kepler-49,2012,Transit,2.444,8.38,Mass,10.91,443,12.341,0.07821,4095.6,0.618,0.607,0.03,2.88,311.222
Kepler-49 d,Kepler-49,2014,Transit,1.6,235.982,Mass,2.576549,717,64.39,0.031,4252,0.559,0.549,0.03,2.88,311.222
Kepler-49 e,Kepler-49,2014,Transit,1.56,1.03815,Mass,18.596108,371,6.063,0.116,4252,0.559,0.549,0.03,2.88,311.222
Kepler-5 b,Kepler-5,2009,Transit,15.984034,670.93913,Mass,3.5484657,1750,1822.758,0.0538,6297,1.793,1.374,0.04,2.88,899.777
Kepler-50 b,Kepler-50,2012,Transit,1.71,8.9,Mass,7.81254,1196,494.705,0.077,6225,1.58,1.24,0.03,3.8,250.11
Kepler-50 c,Kepler-50,2012,Transit,2.17,8.2,Mass,9.37647,1125,388.444,0.087,6225,1.58,1.24,0.03,3.8,250.11
Kepler-51 b,Kepler-51,2012,Transit,7.1,2.1,Mass,45.154,543,10.119,0.2514,6018,0.94,1.04,0.05,0.3,783.831
Kepler-51 c,Kepler-51,2012,Transit,9,4,Mass,85.312,439,4.331,0.384,6018,0.94,1.04,0.05,0.3,783.831
Kepler-51 d,Kepler-51,2014,Transit,9.7,7.6,Mass,130.194,381,2.466,0.509,6018,0.94,1.04,0.05,0.3,783.831
Kepler-52 b,Kepler-52,2012,Transit,2.1,135,Mass,7.8773565,553,22.72,0.0637,4075,0.52,0.54,0,1.01,321.542
Kepler-52 c,Kepler-52,2012,Transit,1.84,45.4,Mass,16.3850021,433,8.55,0.10379,4075,0.52,0.54,0,1.01,321.542
Kepler-52 d,Kepler-52,2014,Transit,1.95,88.8775,Mass,36.445171,332,2.945,0.182,4263,0.556,0.577,0,1.01,321.542
Kepler-53 b,Kepler-53,2012,Transit,2.89,111,Mass,18.6489525,701,60.997,0.1361,5858,0.89,0.98,0,0.3,1366.07
Kepler-53 c,Kepler-53,2012,Transit,3.17,36,Mass,38.5583038,550,23.176,0.22091,5858,0.89,0.98,0,0.3,1366.07
Kepler-53 d,Kepler-53,2014,Transit,2.12,166.503,Mass,9.751962,870,144.852,0.091,6085,0.958,0.966,0,0.3,1366.07
Kepler-538 b,Kepler-538,2016,Transit,2.215,12.9,Mass,81.73778,417,5.07,0.3554,5534,0.8717,0.892,-0.09,5.3,155.956
Kepler-539 b,Kepler-539,2016,Transit,8.373123,308.2951,Mass,125.63243,387.6,3.681,0.4988,5820,0.952,1.048,-0.01,0.91,307.318
Kepler-54 b,Kepler-54,2012,Transit,2.1,0.98,Mass,8.0109434,453,12.357,0.0619,3705,0.5,0.51,-0.27,4.83,271.701
Kepler-54 c,Kepler-54,2012,Transit,1.23,0.7,Mass,12.0717249,395,3.07,0.0809,3705,0.5,0.51,-0.27,4.83,271.701
Kepler-54 d,Kepler-54,2014,Transit,1.53,12.0946,Mass,20.995694,328,3.425,0.126,4252,0.554,0.518,-0.27,4.83,271.701
Kepler-549 b,Kepler-549,2016,Transit,2.57,11,Mass,42.9495649,487,9.549,0.23236,5360,0.84,0.88,-0.03,4.57,635.145
Kepler-55 b,Kepler-55,2012,Transit,2.43,43,Mass,27.9481449,400,6.642,0.1593,4362,0.58,0.62,-0.01,2.34,578.796
Kepler-55 c,Kepler-55,2012,Transit,2.21,69.8,Mass,42.1516418,349,3.84,0.2095,4362,0.58,0.62,-0.01,2.34,578.796
Kepler-553 b,Kepler-553,2016,Transit,4.74139884,116.0073685,Mass,4.030467,1089,235,0.04766,5191,0.902,0.889,0.152,8.8,728.525
Kepler-553 c,Kepler-553,2016,Transit,11.57887706,2129.450327,Mass,328.24017,251,0.589,0.898,5191,0.902,0.889,0.152,8.8,728.525
Kepler-56 b,Kepler-56,2012,Transit,6.51,22.1,Mass,10.5016,1378,819.245,0.1028,4840,4.23,1.32,0.2,3.5,912.994
Kepler-56 c,Kepler-56,2012,Transit,9.8,181,Mass,21.40239,1087,317.206,0.1652,4840,4.23,1.32,0.2,3.5,912.994
Kepler-57 b,Kepler-57,2012,Transit,3.135,25.06,Mass,5.72,850,124.349,0.05988,5187.9,0.826,0.859,0.1166,3.31,644.14
Kepler-57 c,Kepler-57,2012,Transit,2.196,6.86,Mass,11.6,671,48.574,0.09588,5187.9,0.826,0.859,0.1166,3.31,644.14
Kepler-58 b,Kepler-58,2012,Transit,2.78,35.5,Mass,10.2184954,920,112.992,0.09291,5843,1.03,0.95,0.1,2.14,969.252
Kepler-58 c,Kepler-58,2012,Transit,2.86,53,Mass,15.5741568,799,64.389,0.12307,5843,1.03,0.95,0.1,2.14,969.252
Kepler-58 d,Kepler-58,2014,Transit,2.94,245.343,Mass,40.101371,583,18.244,0.236,6099,1.127,1.024,0.1,2.14,969.252
Kepler-58 e,Kepler-58,2023,Transit,1.61,597.796,Mass,4.45814897,1212,511.6,0.0533,6100,1.083,1.017,-0.12,2.14,969.252
Kepler-59 b,Kepler-59,2012,Transit,1.1,4.1,Mass,11.8681707,864,187.51,0.09943,6074,0.94,1.04,-0.2,0.26,1163.22
Kepler-59 c,Kepler-59,2012,Transit,1.98,3.81,Mass,17.9801235,752,107.741,0.13114,6074,0.94,1.04,-0.2,0.26,1163.22
Kepler-595 b,Kepler-595,2016,Transit,3.708,17.4,Mass,25.3029092,535,17.382,0.1582,5138.5,0.821,0.93,0.406,2.7,643.009
Kepler-595 c,Kepler-595,2020,Transit,1.009,3.3,Mass,12.38602,679,50.23,0.0983,5138.5,0.821,0.93,0.406,2.7,643.009
Kepler-6 b,Kepler-6,2009,Transit,14.616536,212.31044,Mass,3.2346996,1460,792.218,0.04852,5647,1.391,1.209,0.34,3.8,587.039
Kepler-60 b,Kepler-60,2012,Transit,1.71,4.19,Mass,7.1334,1102,318,0.07255,5905,1.257,1.041,-0.09,8.91,1025.1
Kepler-60 c,Kepler-60,2012,Transit,1.9,3.85,Mass,8.9187,1023,236,0.08422,5905,1.257,1.041,-0.09,8.91,1025.1
Kepler-60 d,Kepler-60,2012,Transit,1.99,4.16,Mass,11.8981,929,161,0.10203,5905,1.257,1.041,-0.09,8.91,1025.1
Kepler-62 b,Kepler-62,2013,Transit,1.31,9,Mass,5.714932,750,80.326,0.0553,4925,0.64,0.69,-0.37,7,300.874
Kepler-62 c,Kepler-62,2013,Transit,0.54,4,Mass,12.4417,578,28.489,0.0929,4925,0.64,0.69,-0.37,7,300.874
Kepler-62 d,Kepler-62,2013,Transit,1.95,14,Mass,18.16406,510,17.21,0.12,4925,0.64,0.69,-0.37,7,300.874
Kepler-62 e,Kepler-62,2013,Transit,1.61,36,Mass,122.3874,270,1.352,0.427,4925,0.64,0.69,-0.37,7,300.874
Kepler-62 f,Kepler-62,2013,Transit,1.41,35,Mass,267.291,208,0.5,0.718,4925,0.64,0.69,-0.37,7,300.874
Kepler-63 b,Kepler-63,2013,Transit,6.11,120,Mass,9.4341505,791,100.371,0.08,5576,0.901,0.984,0.05,0.21,194.033
Kepler-643 b,Kepler-643,2016,Transit,10.16,321.0083,Mass,16.33889626,963,211.711,0.13485,4908,2.52,1,0.13,12.02,1063.58
Kepler-65 b,Kepler-65,2012,Transit,1.42,2.4,Mass,2.15491,1740,2316.095,0.035,6211,1.41,1.25,0.17,2.9,303.728
Kepler-65 c,Kepler-65,2012,Transit,2.58,5.4,Mass,5.859944,1246,609.992,0.068,6211,1.41,1.25,0.17,2.9,303.728
Kepler-65 d,Kepler-65,2012,Transit,1.52,4.14,Mass,8.13123,1117,394.549,0.084,6211,1.41,1.25,0.17,2.9,303.728
Kepler-68 b,Kepler-68,2013,Transit,2.357,8.03,Mass,5.39875259,1275,441,0.06135,5847,1.2564,1.057,0.11,6.84,144.166
Kepler-68 c,Kepler-68,2013,Transit,0.979,1.3,Mass,9.605027,1052,204,0.09008,5847,1.2564,1.057,0.11,6.84,144.166
Kepler-7 b,Kepler-7,2009,Transit,18.180998,140.16303,Mass,4.8854892,1630,1375.11,0.06067,5933,1.966,1.359,0.11,2.9,922.562
Kepler-725 b,Kepler-725,2016,Transit,10.8,521.76244,Mass,39.64372,514,12.1,0.2238,5395,0.88,0.95,0.14,1.6,758.469
Kepler-74 b,Kepler-74,2013,Transit,10.76,200.22,Mass,7.340711,1078,337.682,0.0781,6000,1.12,1.18,0.42,0.8,1177.55
Kepler-75 b,Kepler-75,2013,Transit,11.77,3209.9,Mass,8.8849116,767,106.484,0.0818,5200,0.89,0.91,0.3,6.2,835.356
Kepler-77 b,Kepler-77,2013,Transit,10.761,136.661,Mass,3.57878087,1440,432.871,0.04501,5520,0.99,0.95,0.2,7.5,639.411
Kepler-78 b,Kepler-78,2013,Transit,1.201,1.68,Mass,0.35500745,2223,4070,0.00901,5058,0.7475,0.779,-0.18,0.625,124.376
Kepler-79 b,Kepler-79,2012,Transit,3.51,7.6,Mass,13.48451,929,205.404,0.11929,6389,1.316,1.244,0.06,1.32,1020.72
Kepler-79 c,Kepler-79,2012,Transit,3.76,4.6,Mass,27.4026,734,79.765,0.19144,6389,1.316,1.244,0.06,1.32,1020.72
Kepler-79 d,Kepler-79,2014,Transit,7.15,5.3,Mass,52.0897,592,33.874,0.2937,6389,1.316,1.244,0.06,1.32,1020.72
Kepler-79 e,Kepler-79,2014,Transit,3.53,3.8,Mass,81.0665,511,18.78,0.39445,6389,1.316,1.244,0.06,1.32,1020.72
Kepler-8 b,Kepler-8,2010,Transit,15.871944,187.5197,Mass,3.5224991,1680,1444.881,0.0474,6213,1.486,1.213,-0.055,3.47,1021.87
Kepler-80 b,Kepler-80,2012,Transit,2.67,6.93,Mass,7.05246,547,54.382,0.0648,4540,0.678,0.73,0.04,2,369.451
Kepler-80 c,Kepler-80,2012,Transit,2.74,6.74,Mass,9.52355,495,36.482,0.0792,4540,0.678,0.73,0.04,2,369.451
Kepler-80 d,Kepler-80,2014,Transit,1.53,6.75,Mass,3.07222,722,164.625,0.0372,4540,0.678,0.73,0.04,2,369.451
Kepler-80 e,Kepler-80,2014,Transit,1.6,4.13,Mass,4.64489,629,94.781,0.0491,4540,0.678,0.73,0.04,2,369.451
Kepler-80 f,Kepler-80,2016,Transit,1.21,4459.73,Mass,0.9867873,1054,750.964,0.0175,4540,0.678,0.73,0.04,2,369.451
Kepler-80 g,Kepler-80,2017,Transit,1.13,0.065,Mass,14.64558,418,,,4540,0.678,0.83,0.04,2,369.451
Kepler-81 b,Kepler-81,2012,Transit,2.42,17.2,Mass,5.955,635,39.95,0.0522,4385,0.59,0.64,-0.18,3.63,348.291
Kepler-81 c,Kepler-81,2012,Transit,2.37,4.3,Mass,12.04,502,15.62,0.08347,4385,0.59,0.64,-0.18,3.63,348.291
Kepler-82 b,Kepler-82,2012,Transit,4.07,12.15,Mass,26.44,562,19.558,0.1683,5401,0.898,0.91,0.2107,1.41,904.326
Kepler-82 c,Kepler-82,2012,Transit,5.34,13.9,Mass,51.54,450,8.035,0.2626,5401,0.898,0.91,0.2107,1.41,904.326
Kepler-82 d,Kepler-82,2014,Transit,1.77,885.098,Mass,2.382961,1253,484.351,0.034,5428,0.945,0.946,0.2107,1.41,904.326
Kepler-82 e,Kepler-82,2014,Transit,2.47,254.02,Mass,5.902206,926,144.337,0.063,5428,0.945,0.946,0.2107,1.41,904.326
Kepler-83 b,Kepler-83,2012,Transit,2.83,2.94,Mass,9.77,460,15.412,0.07295,4082,0.61,0.66,-0.2,3.09,400.409
Kepler-83 c,Kepler-83,2012,Transit,2.36,2.03,Mass,20.09,362,5.9,0.11796,4082,0.61,0.66,-0.2,3.09,400.409
Kepler-83 d,Kepler-83,2014,Transit,1.94,4.1,Mass,5.169796,569,28.81,0.051,4648,0.594,0.58,-0.2,3.09,400.409
Kepler-84 b,Kepler-84,2012,Transit,2.23,40,Mass,8.726,985,222.19,0.0827,6039,1.43,1,-0.07,3.98,1023.9
Kepler-84 c,Kepler-84,2012,Transit,2.36,20.2,Mass,12.883,865,132.23,0.1072,6039,1.43,1,-0.07,3.98,1023.9
Kepler-849 b,Kepler-849,2016,Transit,8.08167508,298.7587026,Mass,394.62508,362.7,2.86,1.137,5950,1.822,1.259,0.145,4.7,822.134
Kepler-85 b,Kepler-85,2012,Transit,1.778,1.84,Mass,8.3,809,107.028,0.07885,5505.2,0.875,0.928,0.12,1.38,765.025
Kepler-85 c,Kepler-85,2012,Transit,1.978,2.15,Mass,12.51,706,61.929,0.10363,5505.2,0.875,0.928,0.12,1.38,765.025
Kepler-85 d,Kepler-85,2014,Transit,1.2,8.69679,Mass,17.91323,626,38.39,0.13,5436,0.893,0.947,0.12,1.38,765.025
Kepler-85 e,Kepler-85,2014,Transit,1.27,0.6,Mass,25.216751,559,24.318,0.163,5436,0.893,0.947,0.12,1.38,765.025
Kepler-87 b,Kepler-87,2013,Transit,13.49,324.2,Mass,114.73635,478,9.203,0.481,5600,1.82,1.1,-0.17,7.5,1232.9
Kepler-87 c,Kepler-87,2013,Transit,6.14,6.4,Mass,191.2318,403,4.656,0.676,5600,1.82,1.1,-0.17,7.5,1232.9
Kepler-9 b,Kepler-9,2010,Transit,8.29,43.4,Mass,19.23891,661,48.229,0.143,5774,0.958,1.022,0.05,2,628.257
Kepler-9 c,Kepler-9,2010,Transit,8.08,29.9,Mass,38.9853,523,18.903,0.227,5774,0.958,1.022,0.05,2,628.257
Kepler-91 b,Kepler-91,2013,Transit,15.322703,257.4423,Mass,6.24658,2040,3273.324,0.0731,4550,6.3,1.31,0.11,4.47,1294.69
Kepler-92 b,Kepler-92,2013,Transit,3.51,64.3,Mass,13.749,975,257.776,0.12232,5883,1.7,1.21,0.1381,3.98,477.992
Kepler-92 c,Kepler-92,2013,Transit,2.6,6.1,Mass,26.723,781,106.207,0.19054,5883,1.7,1.21,0.1381,3.98,477.992
Kepler-93 b,Kepler-93,2014,Transit,1.478,4.66,Mass,4.72673978,1133,275,0.05343,5669,0.919,0.911,-0.18,6.6,95.9115
Kepler-94 b,Kepler-94,2014,Transit,3.51,10.84,Mass,2.50806,997,216.094,0.03377,4781,0.76,0.81,0.34,1.41,191.904
Kepler-95 b,Kepler-95,2014,Transit,3.42,13,Mass,11.5231,927,178.832,0.10232,5699,1.41,1.08,0.3,5.63,445.656
Kepler-96 b,Kepler-96,2014,Transit,2.67,8.46,Mass,16.2385,711,57.524,0.1261,5690,1.02,1,0.04,2.34,122.881
Kepler-97 b,Kepler-97,2014,Transit,1.48,3.51,Mass,2.58664,1328,767.964,0.03563,5779,0.98,0.94,-0.2,8.42,400.907
Kepler-98 b,Kepler-98,2014,Transit,1.99,3.55,Mass,1.54168,1592,1107.389,0.02614,5539,1.11,0.99,0.18,2.79,350.315
Kepler-99 b,Kepler-99,2014,Transit,1.48,6.15,Mass,4.60358,810,108.042,0.05071,4782,0.73,0.79,0.18,1.47,208.369
L 168-9 b,L 168-9,2020,Transit,1.63,4.07,Mass,1.40152604,998,149.3748,0.0208,3842,0.604,0.614,-0.03,,25.1496
L 98-59 b,L 98-59,2019,Transit,0.837,0.46,Mass,2.253114,620,24.5,0.0223,3415,0.3155,0.2923,-0.46,4.94,10.6194
L 98-59 c,L 98-59,2019,Transit,1.329,2,Mass,3.6906764,526,12.7,0.0309,3415,0.3155,0.2923,-0.46,4.94,10.6194
L 98-59 d,L 98-59,2019,Transit,1.627,1.64,Mass,7.450729,416,4.97,0.0494,3415,0.3155,0.2923,-0.46,4.94,10.6194
LHS 1140 b,LHS 1140,2017,Transit,1.73,5.6,Mass,24.73723,226,0.43,0.0946,3096,0.2159,0.1844,-0.15,5,14.9861
LHS 1140 c,LHS 1140,2018,Transit,1.272,1.91,Mass,3.77794,422,5.3,0.027,3096,0.2159,0.1844,-0.15,5,14.9861
LHS 1478 b,LHS 1478,2021,Transit,1.242,2.33,Mass,1.9495378,595,23.3722,0.01848,3381,0.246,0.236,-0.13,,18.2276
LHS 1815 b,LHS 1815,2020,Transit,1.088,1.58,Mass,3.814334,617,62.1493,0.0404,3643,0.501,0.502,-0.12,,29.8424
LHS 1903 b,LHS 1903,2026,Transit,1.382,3.28,Mass,2.1555098,796,66.66,0.02656,3664,0.539,0.538,-0.11,7.08,35.6917
LHS 1903 c,LHS 1903,2026,Transit,2.046,4.55,Mass,6.226185,559,16.2,0.05387,3664,0.539,0.538,-0.11,7.08,35.6917
LHS 1903 d,LHS 1903,2026,Transit,2.5,5.96,Mass,12.566287,442,6.35,0.08604,3664,0.539,0.538,-0.11,7.08,35.6917
LHS 1903 e,LHS 1903,2026,Transit,1.732,5.79,Mass,29.31773,333,2.05,0.15135,3664,0.539,0.538,-0.11,7.08,35.6917
LHS 3844 b,LHS 3844,2019,Transit,1.286,2.37,Mass,0.462929709,816,73.67,0.00624,3080,0.189,0.151,0.22,7.8,14.8846
LP 714-47 b,LP 714-47,2020,Transit,4.25,28.38,Mass,4.052032,722.8,38.5441,0.04056,4123,0.536,0.542,0.05,2.9,52.616
LP 791-18 c,LP 791-18,2019,Transit,2.488,7.16,Mass,4.98991,324.4,2.637,0.02961,2960,0.182,0.139,-0.09,0.5,26.4927
LP 791-18 d,LP 791-18,2023,Transit,1.032,0.91,Mass,2.75485,395.5,5.83,0.01992,2960,0.182,0.139,-0.09,0.5,26.4927
LP 890-9 b,LP 890-9,2022,Transit,1.32,13.2,Mass,2.7299025,396,4.09,0.01875,2850,0.1556,0.118,-0.028,7.2,32.4298
LP 890-9 c,LP 890-9,2022,Transit,1.367,25.3,Mass,8.457463,272,0.906,0.03984,2850,0.1556,0.118,-0.028,7.2,32.4298
LTT 1445 A b,LTT 1445 A,2019,Transit,1.34,2.73,Mass,5.3587635,431,5.7,0.0381,3562,0.271,0.257,-0.34,,6.86929
LTT 1445 A c,LTT 1445 A,2022,Transit,1.147,1.54,Mass,3.1239035,508,10.9,0.02661,3340,0.265,0.257,-0.34,,6.86929
LTT 3780 b,LTT 3780,2020,Transit,1.325,2.46,Mass,0.76837931,903,111,0.01195,3358,0.38,0.381,0.06,3.1,21.9814
LTT 3780 c,LTT 3780,2020,Transit,2.39,8.04,Mass,12.252284,359,2.76,0.0757,3358,0.38,0.381,0.06,3.1,21.9814
LTT 9779 b,LTT 9779,2020,Transit,4.72,29.32,Mass,0.792052,1978,1781.1556,0.01679,5443,0.949,1.02,0.27,2,80.4373
MASCARA-1 b,MASCARA-1,2017,Transit,17.90074218,1175.971,Mass,2.14877381,2594.3,38711.5,0.040352,7490,2.082,1.9,0.15,0.8,182.273
MASCARA-4 b,MASCARA-4,2020,Transit,16.98160576,532.3625817,Mass,2.8240932,2250,4913.69,0.0474,7800,1.79,1.75,0,0.8,170.696
NGTS-1 b,NGTS-1,2017,Transit,14.90797,258.07796,Mass,2.647298,790,65.3,0.0326,3916,0.573,0.617,0,,218.121
NGTS-10 b,NGTS-10,2020,Transit,13.89913607,687.14846,Mass,0.7668944,1508,3716.1785,0.0143,4567,0.7,0.696,-0.02,10.4,324.6986504
NGTS-11 b,NGTS-11,2020,Transit,9.157753,109.33352,Mass,35.45533,435,9.242,0.201,5050,0.832,0.862,0.22,3.9,190.422
NGTS-12 b,NGTS-12,2020,Transit,11.747032,66.10864,Mass,7.532806,1257,416,0.0757,5690,1.589,1.021,-0.03,9.4,446.442
NGTS-13 b,NGTS-13,2021,Transit,12.800678,1538.2972,Mass,4.119027,1605,1096,0.0549,5819,1.788,1.3,0.25,4.23,647.595
NGTS-14 A b,NGTS-14 A,2021,Transit,4.976796,29.24036,Mass,3.5357173,1143,191.782,0.0403,5187,0.842,0.898,0.1,5.9,322.148
NGTS-15 b,NGTS-15,2021,Transit,12.32987877,238.6891337,Mass,3.27623,1146,425,0.0441,5600,0.954,0.995,0.15,3.28,786.485
NGTS-16 b,NGTS-16,2021,Transit,14.57167491,211.9915475,Mass,4.84532,1177,480,0.0523,5550,1.213,1.002,0.35,10.29,898.168
NGTS-17 b,NGTS-17,2021,Transit,13.89913607,242.820903,Mass,3.24253,1457,1160,0.0391,5650,1.337,1.025,0.15,9.22,1040.28
NGTS-18 b,NGTS-18,2021,Transit,13.56286665,129.9918185,Mass,3.05125,1381,845,0.0448,5610,1.392,1.003,0.15,10.84,1096.19
NGTS-2 b,NGTS-2,2018,Transit,17.878355,235.1942,Mass,4.511164,1468,1085.35,0.063,6478,1.702,1.64,-0.06,2.17,356.391
NGTS-20 b,NGTS-20,2022,Transit,11.99360935,947.1286529,Mass,54.18915,688,6.7645,0.313,5980,1.78,1.47,0.15,4.1,382.898
NGTS-21 b,NGTS-21,2022,Transit,14.90794433,750.0750405,Mass,1.5433897,1357,514.2853,0.0236,4660,0.86,0.72,-0.26,10.02,592.891
NGTS-23 b,NGTS-23,2022,Transit,14.20177855,194.8288135,Mass,4.0764326,1327,815.7013,0.0504,6057,1.24,1.01,-0.26,6.39,1074.95
NGTS-24 b,NGTS-24,2022,Transit,13.60770257,165.2707716,Mass,3.4678796,1499,391.83,0.0479,5820,1.64,1.26,0.27,4.77,683.062
NGTS-25 b,NGTS-25,2022,Transit,11.46678726,203.0923521,Mass,2.823093,1101,339.4356,0.0388,5321,0.86,0.91,0.12,3.49,521.233
NGTS-26 b,NGTS-26,2024,Transit,14.88552637,92.80589484,Mass,4.5199279,1331,523,0.049,5550,1.16,0.96,0.2,11.5,1093.69
NGTS-27 b,NGTS-27,2024,Transit,15.64773706,188.4722454,Mass,3.3704181,1783,1680,0.0446,5700,1.77,1.07,0,7.9,942.122
NGTS-3 A b,NGTS-3 A,2018,Transit,16.58932,756.4354,Mass,1.6753728,1434.44,1000.5679,0.023,5600,0.93,1.017,0.12,,743.972
NGTS-30 b,NGTS-30,2024,Transit,10.40193409,305.1152707,Mass,98.29838,500,172.857,0.408,5455,0.913,0.94,-0.03,1.1,238.377
NGTS-31 b,NGTS-31,2025,Transit,18.04645893,355.9678158,Mass,4.162734,1410,643,0.064,5710,1.7,0.96,0,9.97,497.376
NGTS-32 b,NGTS-32,2025,Transit,15.91675259,181.162192,Mass,3.31211,1750,1554,0.044,5680,1.85,1.07,-0.03,8.03,837.457
NGTS-33 b,NGTS-33,2024,Transit,18.38272835,1153.717117,Mass,2.827972,1991,2620,0.048,7437,1.47,1.6,-0.11,0.03,437.855
NGTS-34 b,NGTS-34,2025,Transit,3.65,19.1,Mass,43.12655,624,36.0339,0.257,6134,1.367,1.266,0.228,2.7,120.475
NGTS-35 b,NGTS-35,2025,Transit,10.9,152,Mass,25.241192,451,9.8437,0.16,4717,0.753,0.789,0.085,1.5,183.078
NGTS-38 b,NGTS-38,2026,Transit,12.11690814,1516.041501,Mass,180.52797,457,10.1316,0.697,6310,1.88,1.46,0.33,2.2,268.637
NGTS-39 b,NGTS-39,2026,Transit,12.195371,466.2542731,Mass,58.20472,519,16.7057,0.3077,6053,1.16,1.16,0.196,2.2,278.402
NGTS-4 b,NGTS-4,2019,Transit,3.18,20.6,Mass,1.3373508,1650,886.9841,0.019,5143,0.84,0.75,-0.28,,280.555
NGTS-5 b,NGTS-5,2019,Transit,12.733424,72.78307,Mass,3.3569866,952,101.253,0.0382,4987,0.739,0.661,0.12,,306.779
NGTS-6 b,NGTS-6,2019,Transit,14.863134,425.57437,Mass,0.882059,1283.9,983.4246,0.01677,4730,0.754,0.767,0.11,9.77,308.262
NGTS-8 b,NGTS-8,2019,Transit,12.21781,295.5819,Mass,2.4997,1345,503,0.035,5241,0.98,0.89,0.24,12.48,428.976
NGTS-9 b,NGTS-9,2019,Transit,11.99363,921.707,Mass,4.43527,1448,729,0.058,6330,1.38,1.34,0.31,0.96,609.128
OGLE-TR-10 b,OGLE-TR-10,2004,Transit,14.011,197.046,Mass,3.101278,1702,818.5035,0.0434,5950,1.17,1.14,0.28,3.1,1344.97
OGLE-TR-111 b,OGLE-TR-111,2004,Transit,11.421971,174.799,Mass,4.0144463,1019,204.9529,0.0473,5040,0.83,0.82,0.19,8.8,1068.33
OGLE-TR-113 b,OGLE-TR-113,2004,Transit,12.251,400.449,Mass,1.4324752,1342,528.4147,0.02289,4790,0.774,0.779,0.09,13.2,566.459
OGLE-TR-132 b,OGLE-TR-132,2004,Transit,13.45,375.02,Mass,1.689868,2013,2550.8364,0.03035,6210,1.32,1.305,0.37,1.2,2012.62
OGLE-TR-182 b,OGLE-TR-182,2007,Transit,12.666,320.995,Mass,3.9791,1550,669.0373,0.051,5924,1.14,1.14,0.37,4.3,2501.75
OGLE-TR-211 b,OGLE-TR-211,2007,Transit,15.244,327.351,Mass,3.67724,1686,710.2804,0.051,6325,1.64,1.33,0.11,2.6,1515.26
OGLE-TR-56 b,OGLE-TR-56,2002,Transit,15.278,441.77,Mass,1.2119189,2212,3942.3204,0.02383,6050,1.363,1.228,0.25,3,282.8391387
OGLE2-TR-L9 b,OGLE2-TR-L9,2008,Transit,18.046,1430.175,Mass,2.4855335,2034,4135.4482,0.0308,6933,1.53,1.52,-0.05,1,1627.63
PH1 b,PH1,2012,Transit,6.18,169,Mass,138.317,481,10.7524,0.652,6407,1.734,1.528,0.21,2,1033.16
PH2 b,PH2,2013,Transit,9.33708092,87.08498352,Mass,282.52542,295.1,1.2,0.833,5734,0.949,0.966,0.017,4.1,343.863
POTS-1 b,POTS-1,2013,Transit,10.548,734.16,Mass,3.1606296,841.95,58.7159,0.03734,4400,0.588,0.695,-0.03,,747.959
Qatar-1 b,Qatar-1,2010,Transit,12.811887,411.27202,Mass,1.4200242,1418,382.328,0.02332,5013,0.803,0.838,0.171,1.19,185.615
Qatar-10 b,Qatar-10,2019,Transit,17.295487,233.92288,Mass,1.645321,1955,1816.48,0.0286,6124,1.254,1.156,0.016,3.2,559.068
Qatar-2 b,Qatar-2,2011,Transit,14.056,792.635,Mass,1.33711647,1344,447.4134,0.02153,4645,0.776,0.743,0.02,5,181.374
Qatar-3 b,Qatar-3,2017,Transit,12.285064,1369.8473,Mass,2.5079204,1681,1330,0.03783,6007,1.272,1.145,-0.041,0.31,735.601
Qatar-4 b,Qatar-4,2017,Transit,12.722215,1938.763,Mass,1.8053564,1385,614,0.02803,5215,0.849,0.896,0.103,0.17,329.036
Qatar-5 b,Qatar-5,2017,Transit,12.408363,1373.0256,Mass,2.8792319,1415,669,0.04127,5747,1.076,1.128,0.377,0.53,367.658
Qatar-6 b,Qatar-6,2017,Transit,11.903958,212.31044,Mass,3.506195,1006,174.9015,0.0423,5052,0.722,0.822,-0.025,1.02,100.848
Qatar-7 b,Qatar-7,2019,Transit,19.0553,597.5204,Mass,2.032046,2053,2886.2922,0.0352,6387,1.564,1.409,0.276,1.69,705.981
Qatar-8 b,Qatar-8,2019,Transit,14.403565,117.91493,Mass,3.71495,1457,698.148,0.0474,5738,1.315,1.029,0.025,8.3,281.498
Qatar-9 b,Qatar-9,2019,Transit,11.309881,378.2177,Mass,1.540731,1134,210.669,0.0234,4309,0.696,0.719,0.252,7.5,213.771
Ross 176 b,Ross 176,2025,Transit,1.84,4.57,Mass,5.0066338,682,36.2,0.0464,4041,0.569,0.577,-0.19,3,46.4488
TIC 139270665 b,TIC 139270665,2024,Transit,7.22979255,147.1545524,Mass,23.624,703,40.3,0.163,5844,1.016,1.035,0.156,3.4,189.875
TIC 147027702 b,TIC 147027702,2026,Transit,10.92875618,346.4329636,Mass,44.40523,863,90.5749,0.274,6410,2.136,1.406,-0.08,2.7,457.186
TIC 172900988 b,TIC 172900988 Aa,2021,Transit,11.25,942,Mass,200.452,361.24,5.7522,0.90281,6050,1.3842,1.2384,0.34,3.1,250.956
TIC 183374187 b,TIC 183374187,2026,Transit,14.03364384,177.9839079,Mass,5.05907,1379,,,5768,1.344,0.853,-0.39,12.31,1208.75
TIC 237913194 b,TIC 237913194,2020,Transit,12.520453,617.22586,Mass,15.168865,974,83.3856,0.1207,5788,1.088,1.026,0.14,5.7,306.063
TIC 241249530 b,TIC 241249530,2024,Transit,13.29385111,1582.785467,Mass,165.7719,438.94,6.2305,0.641,6166,1.397,1.271,0.09,3.2,324.448
TIC 245076932 b,TIC 245076932,2026,Transit,10.87271128,162.0924876,Mass,21.61389,845,85.6018,0.157,6130,1.288,1.117,0.02,4.5,303.96
TIC 257060897 b,TIC 257060897,2021,Transit,17.26183028,201.50321,Mass,3.66003639,1775,1804.5549,0.04922,5993,1.863,1.187,0.054,5.6,505.703
TIC 279401253 b,TIC 279401253,2023,Transit,11.2089807,1951.466419,Mass,76.8,486.37,9.1803,0.369,5951,1.06,1.13,0.2,1.2,285.584
TIC 365102760 b,TIC 365102760,2024,Transit,6.21,19.2,Mass,4.21285367,1676.12,1316.4951,0.0622,4900,3.13,1.17,0.09,6.3,555.546
TIC 393818343 b,TIC 393818343,2024,Transit,12.18416202,1379.375286,Mass,16.24921,805.5,2.28,0.1291,5756,1.086,1.082,0.318,3.8,93.7345
TIC 46432937 b,TIC 46432937,2024,Transit,13.31626907,1017.050902,Mass,1.44044527,872,115.1312,0.02065,3572,0.5299,0.563,0.323,7.4,90.5369
TIC 4672985 b,TIC 4672985,2024,Transit,11.5004142,4049.133905,Mass,69.048,517.2,11.9376,0.33,5757,1.15,1.01,0.14,7.71,253.385
TIC 52059926 b,TIC 52059926,2026,Transit,10.71,5380,Mass,175.532,229.6,4.4802,0.553,4505,0.72,0.73,-0.08,8.2,216.581
TIC 87422071 b,TIC 87422071,2026,Transit,10.8615023,409.998645,Mass,11.364929,1110,140.925,0.106,6150,1.489,1.239,0.16,3.5,384.758
TIC 9344899 b,TIC 9344899,2026,Transit,9.16,6170,Mass,8.5821566,923,149.861,0.0815,5800,1.06,0.98,0.07,6.1,532.228
TOI-1011 b,TOI-1011,2025,Transit,1.45,4.04,Mass,2.470498,1364,575.597,,5475,0.92,0.91,0.03,,52.62
TOI-1052 b,TOI-1052,2023,Transit,2.87,16.9,Mass,9.139703,1135,246,0.09103,6146,1.264,1.204,0.14,2.3,129.804
TOI-1062 b,TOI-1062,2021,Transit,2.265,10.15,Mass,4.11296,1077,232,0.052,5328,0.84,0.94,0.14,2.5,82.1733
TOI-1064 b,TOI-1064,2022,Transit,2.587,13.5,Mass,6.443868,784,62.9,0.06152,4734,0.726,0.748,0.05,9.4,68.0726
TOI-1064 c,TOI-1064,2022,Transit,2.651,2.5,Mass,12.226574,634,26.8,0.09429,4734,0.726,0.748,0.05,9.4,68.0726
TOI-1075 b,TOI-1075,2022,Transit,1.791,9.95,Mass,0.6047328,1323,509.2,0.01159,3875,0.581,0.604,-0.08,6,61.4592
TOI-1080 b,TOI-1080,2026,Transit,1.2,10.7,Mass,3.9652482,368,4.35,0.0272,3065,0.2019,0.1667,-0.09,6,25.559
TOI-1107 b,TOI-1107,2022,Transit,14.57167491,1064.725163,Mass,4.0782387,1728,532,0.0561,6311,1.81,1.35,-0.1,2.6,281.314
TOI-1117 b,TOI-1117,2025,Transit,2.46,8.9,Mass,2.22816,1538,928,0.033,5635,1.05,0.97,0.136,4.42,167.598
TOI-1130 b,TOI-1130,2020,Transit,3.66,19.8,Mass,4.074554,825,78.1,0.0453,4360,0.697,0.745,0.11,5.4,58.2609
TOI-1130 c,TOI-1130,2020,Transit,13,336,Mass,8.3501898,650,30,0.0731,4360,0.697,0.745,0.11,5.4,58.2609
TOI-1135 b,TOI-1135,2024,Transit,9.91994792,58.79825529,Mass,8.0277327,1171,310,0.0815,6320,1.202,1.119,-0.039,3.3,114.048
TOI-1136 b,TOI-1136,2022,Transit,1.9,3.5,Mass,4.1727,1216,360.5506,0.05106,5770,0.968,1.022,0.07,0.7,84.5362
TOI-1136 c,TOI-1136,2022,Transit,2.879,6.32,Mass,6.2574,1062,232.392,0.0669,5770,0.968,1.022,0.07,0.7,84.5362
TOI-1136 d,TOI-1136,2022,Transit,4.627,8.35,Mass,12.5199,843,626.362,0.1062,5770,0.968,1.022,0.07,0.7,84.5362
TOI-1136 e,TOI-1136,2022,Transit,2.639,6.07,Mass,18.801,737,48.4771,0.14,5770,0.968,1.022,0.07,0.7,84.5362
TOI-1136 f,TOI-1136,2022,Transit,3.73591482,9.7,Mass,26.321,658,26.4328,0.174,5770,0.968,1.022,0.07,0.7,84.5362
TOI-1136 g,TOI-1136,2022,Transit,2.53,5.6,Mass,39.545,574,17.9249,0.229,5770,0.968,1.022,0.07,0.7,84.5362
TOI-1173 b,TOI-1173,2024,Transit,8.77663189,28.28672822,Mass,7.0643971,868,132,0.071,5350,0.934,0.911,0.191,8.7,132.353
TOI-1174 b,TOI-1174,2024,Transit,2.562,32,Mass,8.953487683,713.83,52.02,0.07994,5030,0.76,0.85,-0.002,2.7,94.6375
TOI-1180 b,TOI-1180,2024,Transit,3.072,10,Mass,9.686760378,638.18,36.97,0.080799,4738,0.73,0.75,0.067,5,72.0238
TOI-1181 b,TOI-1181,2022,Transit,17.02644168,374.7196919,Mass,2.103189,1942.12,14140,0.0364,6054,1.961,1.467,0.38,2.7,302.819
TOI-1184 b,TOI-1184,2024,Transit,2.39,6.8,Mass,5.748433803,715.47,57.54,0.056027,4534,0.69,0.71,0.017,5.3,58.5946
TOI-1194 b,TOI-1194,2023,Transit,8.71664516,120,Mass,2.3106446,1264.29,203.685,0.034,5394,0.9608,0.9835,0.348,4.9,149.667
TOI-1199 b,TOI-1199,2024,Transit,10.5140239,75.96098927,Mass,3.671463,1486,324.114,0.04988,5710,1.45,1.23,0.44,4.2,248.427
TOI-1201 b,TOI-1201,2021,Transit,2.415,6.28,Mass,2.4919863,703,40.6,0.0287,3476,0.508,0.512,0.05,,37.8871
TOI-1203.01,TOI-1203,2021,Transit,2.918,7.39,Mass,25.502672,743.6,51,0.1632,5737,1.179,0.886,-0.39,12.5,64.9943
TOI-1221 b,TOI-1221,2023,Transit,2.91,1112.399424,Mass,91.68278,440,6.06,0.387,5592,1.031,0.93,0.06,10,138.411
TOI-1231 b,TOI-1231,2021,Transit,3.65,15.4,Mass,24.245586,329.6,1.93,0.1288,3553,0.476,0.485,0.041,,27.6227
TOI-1232 b,TOI-1232,2026,Transit,10.92875618,220.5729145,Mass,14.256,785.71,90.0659,0.117,5823,1.072,1.058,0.18,4,328.604
TOI-1235 b,TOI-1235,2020,Transit,1.69,6.69,Mass,3.444714,775,60.3,0.03845,3997,0.619,0.63,0.33,5.3,39.6345
TOI-1238 b,TOI-1238,2022,Transit,1.21,3.76,Mass,0.764597,1133,442,0.0139,4089,0.58,0.59,0.31,0.8,70.7145
TOI-1238 c,TOI-1238,2022,Transit,2.11,8.32,Mass,3.294736,695,63,0.037,4089,0.58,0.59,0.31,0.8,70.7145
TOI-1243 b,TOI-1243,2026,Transit,2.33,7.7,Mass,4.6594779,450,17.2664,,3515,0.511,0.515,-0.2,,43.1865
TOI-1244 b,TOI-1244,2024,Transit,2.467,6.6,Mass,6.400316483,714.86,56.63,0.060694,4599,0.721,0.73,0.034,5.9,102.551
TOI-1246 b,TOI-1246,2022,Transit,3.01,8.1,Mass,4.30744,955,196,0.049,5151,0.86,0.87,0.17,6.3,169.422
TOI-1246 c,TOI-1246,2022,Transit,2.45109846,9.1,Mass,5.904137,862.49,129,0.061,5213,0.8649,0.8889,0.168,6.3,169.422
TOI-1246 d,TOI-1246,2022,Transit,3.43139739,5.4,Mass,18.654874,587.77,28,0.132,5213,0.8649,0.8889,0.168,6.3,169.422
TOI-1246 e,TOI-1246,2022,Transit,3.5141875,14.5,Mass,37.92548,463.98,11,0.212,5213,0.8649,0.8889,0.168,6.3,169.422
TOI-1248 b,TOI-1248,2024,Transit,6.8084859,27.4,Mass,4.3601561,952.09,202.0739,0.051,5205,0.8686,0.9042,0.223,5.5,168.735
TOI-1249 b,TOI-1249,2024,Transit,3.2710301,11.9,Mass,13.079151,726.89,48.6058,0.109,5497,0.9785,1.0062,0.297,4,139.49
TOI-125 b,TOI-125,2019,Transit,2.726,9.5,Mass,4.65382,1037,185,0.05186,5320,0.848,0.859,-0.02,6.8,111.059
TOI-125 c,TOI-125,2019,Transit,2.759,6.63,Mass,9.15059,827.8,77.59,0.0814,5320,0.848,0.859,-0.02,6.8,111.059
TOI-125 d,TOI-125,2020,Transit,2.93,13.6,Mass,19.98,638.1,26.7,0.137,5320,0.848,0.859,-0.02,6.8,111.059
TOI-1259 A b,TOI-1259 A,2021,Transit,11.6,141,Mass,3.4779792,963,153.1389,0.0408,4775,0.715,0.746,-0.5,4.8,118.106
TOI-1260 b,TOI-1260,2021,Transit,2.41,8.56,Mass,3.127463,871,95.58,0.0367,4227,0.672,0.679,-0.1,6.7,73.5977
TOI-1260 c,TOI-1260,2021,Transit,2.76,13.2,Mass,7.493134,651,29.81,0.0657,4227,0.672,0.679,-0.1,6.7,73.5977
TOI-1260 d,TOI-1260,2022,Transit,3.12,11.84,Mass,16.608164,499,10.32,0.1116,4227,0.672,0.679,-0.1,6.7,73.5977
TOI-1266 b,TOI-1266,2020,Transit,2.52,4.46,Mass,10.8945,415,4.72,0.073,3563,0.4232,0.437,-0.109,4.6,36.0118
TOI-1266 c,TOI-1266,2020,Transit,1.98,3.17,Mass,18.8027,346,2.42,0.105,3563,0.4232,0.437,-0.109,4.6,36.0118
TOI-1268 b,TOI-1268,2022,Transit,9.1,96.4,Mass,8.1577094,918.9,91.0972,0.0711,5300,0.92,0.96,0.36,0.245,109.557
TOI-1269 b,TOI-1269,2024,Transit,2.40144286,6.4,Mass,4.2529913,1004.9,231.2034,0.0496,5499,0.8521,0.9027,-0.049,3.1,172.138
TOI-1272 b,TOI-1272,2022,Transit,4.26,24.1,Mass,3.3159765,1051,120.595,0.041,4985,0.8,0.828,0.1,7,137.572
TOI-1273 b,TOI-1273,2024,Transit,11.09689089,70.55790635,Mass,4.631296,1211,225.013,0.0549,5690,1.06,1.06,0.07,3.1,177.118
TOI-1278 b,TOI-1278,2021,Transit,12.21778896,5879.825529,Mass,14.47567,407.87,6.5402,0.095,3799,0.573,0.54,-0.01,,75.5759
TOI-1279 b,TOI-1279,2024,Transit,2.66146528,10.6,Mass,9.61419,759,74.7359,0.085,5457,0.8426,0.8784,-0.079,4.2,107.055
TOI-1288 b,TOI-1288,2022,Transit,4.96846551,44.1,Mass,2.6998279,1203.44,1198.41,0.0374,5388,0.9583,0.9552,0.257,6.5,114.865
TOI-1294 b,TOI-1294,2024,Transit,10.12369881,63.9,Mass,3.915292,1392.74,311.498,0.051,5718,1.5566,1.1578,0.283,6.2,332.648
TOI-1295 b,TOI-1295,2024,Transit,15.69257298,451.3163379,Mass,3.1968838,2360,1800,0.047,6280,1.7,1.38,0.26,2,388.227
TOI-1296 b,TOI-1296,2021,Transit,14.11645916,95.3,Mass,3.9443736,1414.84,1078.5987,0.051,5567,1.7031,1.1576,0.405,7.1,323.265
TOI-1298 b,TOI-1298,2021,Transit,9.65807033,99,Mass,4.537143,1278,732.0077,0.057,5752,1.4536,1.2187,0.397,4.3,319.036
TOI-132 b,TOI-132,2020,Transit,3.42,22.4,Mass,2.1097019,1395,860,0.026,5397,0.9,0.97,0.16,6.34,163.678
TOI-1333 b,TOI-1333,2021,Transit,15.647764,753.2571,Mass,4.720219,1679,1112.85,0.0626,6274,1.925,1.464,0.119,2.33,200.492
TOI-1338 b,TOI-1338 A,2020,Transit,7.661,11.3,Mass,95.4001,254.65,0.9938,0.4607,5723.2,1.313,1.0936,0.01,4.4,399.017
TOI-1347 b,TOI-1347,2024,Transit,1.8,11.1,Mass,0.84742346,1400,1876.1315,0.0171,5464,0.83,0.913,0.04,1.4,147.476
TOI-1347 c,TOI-1347,2024,Transit,1.6,6.4,Mass,4.841962,1000,183.6642,0.0546,5464,0.83,0.913,0.04,1.4,147.476
TOI-1386 b,TOI-1386,2024,Transit,6.2163865,45.8,Mass,25.8401,615.03,34.68,0.173,5735,1.0235,1.0363,0.149,3.2,146.858
TOI-1408 b,TOI-1408,2023,Transit,25,593,Mass,4.42587,1293,465.179,0.05778,6117,1.53,1.312,0.25,2.7,139.484
TOI-1410.01,TOI-1410,2024,Transit,3.10083009,12.5,Mass,1.21687,1236.7,565.5415,0.0207,4635,0.7558,0.7941,0.328,6.6,72.7512
TOI-1411 b,TOI-1411,2022,Transit,1.19880592,2,Mass,1.4520527,976.4,266.85,0.02122,4115,0.614,0.6045,0.012,9.6,32.4778
TOI-1416 b,TOI-1416,2023,Transit,1.62,3.48,Mass,1.0697568,1517,883,0.019,4884,0.793,0.798,0.08,6.9,55.0135
TOI-1420 b,TOI-1420,2023,Transit,11.89,25.1,Mass,6.9561063,957,139,0.071,5510,0.923,0.987,0.28,10.7,201.918
TOI-1422 b,TOI-1422,2022,Transit,3.83,9.5,Mass,12.99894,870,90.5151,0.107,5840,1.019,0.9903,-0.028,4.6,155.141
TOI-1431 b,TOI-1431,2021,Transit,16.70138124,991.6246298,Mass,2.650237,2370,5300,0.046,7690,1.92,1.9,0.09,0.29,148.925
TOI-1437 b,TOI-1437,2024,Transit,2.24,9.6,Mass,18.840942,794.23,82,0.14,6008,1.17,1.1,-0.4924,6.7,103.297
TOI-1438 b,TOI-1438,2025,Transit,3.04,9.4,Mass,5.13967,971,145,0.0553,5230,0.82,0.876,0.03,2.2,110.513
TOI-1438 c,TOI-1438,2025,Transit,2.75,10.6,Mass,9.428089,794,65,0.083,5230,0.82,0.876,0.03,2.2,110.513
TOI-1439 b,TOI-1439,2024,Transit,4.2427861,38.5,Mass,27.644,748.4,68.4355,0.192,5841,1.6184,1.2313,0.226,4.6,230.306
TOI-1443 b,TOI-1443,2024,Transit,2.30381001,30,Mass,23.540678,520.66,16.8576,0.147,5224,0.7511,0.7663,-0.294,7.4,85.8034
TOI-1444 b,TOI-1444,2021,Transit,1.41792246,3.58,Mass,0.4702743,2130.02,5028.6263,0.0116,5460,0.9105,0.9513,0.146,3.8,125.463
TOI-1448 b,TOI-1448,2024,Transit,2.749,19.5,Mass,8.112245,426,5.45,0.0567,3412,0.38,0.372,0.37,,73.3345
TOI-1450 A b,TOI-1450 A,2024,Transit,1.13,1.258,Mass,2.0439274,722,44.9493,,3437,0.483,0.48,-0.12,,22.4467
TOI-1451 b,TOI-1451,2024,Transit,2.61143902,15.2,Mass,16.537944,723.33,53.0216,0.127,5801,1.0162,1.0022,0.019,4,91.9362
TOI-1452 b,TOI-1452,2022,Transit,1.672,4.82,Mass,11.06201,326,1.8,0.061,3185,0.275,0.249,-0.07,,30.5212
TOI-1453 b,TOI-1453,2025,Transit,1.173,2.32,Mass,4.3135225,944.2,132.6,,4975,0.72,0.715,-0.31,12,78.7415
TOI-1453 c,TOI-1453,2025,Transit,2.224,2.95,Mass,6.5886982,819.8,75.3,,4975,0.72,0.715,-0.31,12,78.7415
TOI-1467 b,TOI-1467,2024,Transit,1.92,9,Mass,5.97114713,506.07,18.13,0.050748,3834,0.491,0.489,-0.062,7.2,37.4418
TOI-1468 b,TOI-1468,2022,Transit,1.401,3.04,Mass,1.8805201,683.5,36.4,0.02107,3376,0.3714,0.3527,-0.01,,24.7399
TOI-1468 c,TOI-1468,2022,Transit,2.126,4.1,Mass,15.532477,338.1,2.13,0.08608,3376,0.3714,0.3527,-0.01,,24.7399
TOI-1470 b,TOI-1470,2023,Transit,2.18,7.32,Mass,2.527093,734,46.3,0.0285,3709,0.469,0.471,0,1.3,51.9503
TOI-1470 c,TOI-1470,2023,Transit,2.47,7.24,Mass,18.08816,373,3.35,0.106,3709,0.469,0.471,0,1.3,51.9503
TOI-1472 b,TOI-1472,2024,Transit,4.058,18.05,Mass,6.36338574,891,110.0201,0.064,5100,0.84,0.87,0.27,3.1,121.84
TOI-1478 b,TOI-1478,2021,Transit,11.99360935,279.6889982,Mass,10.1802117,918,261.013,0.0818,5597,1.048,0.947,0.078,9.1,152.892
TOI-150.01,TOI-150,2019,Transit,14.067295,797.7533,Mass,5.857487,1404.5,750.922,0.07037,6255,1.526,1.351,0.28,2.346,336.267
TOI-1516 b,TOI-1516,2022,Transit,15.24421375,1004.337766,Mass,2.056014,1839,1899.83,,6520,1.14,1.14,-0.05,4.82,247.054
TOI-1518 b,TOI-1518,2021,Transit,21.05046575,581.6259848,Mass,1.90261131,2546,7010,0.03712,7299,1.942,1.88,-0.1,,225.888
TOI-1533 b,TOI-1533,2026,Transit,2.89,28.1,Mass,3.6457974,1011,173.908,0.0445,5146,0.849,0.88,0.24,6.9,100.051
TOI-1533 c,TOI-1533,2026,Transit,7.5,36.6,Mass,8.0637926,628,25.9007,0.076,5146,0.849,0.88,0.24,6.9,100.051
TOI-157 b,TOI-157,2020,Transit,14.414774,375.0394,Mass,2.0845435,1588,1062,0.03138,5404,1.167,0.948,0.24,12.82,355.683
TOI-159 b,TOI-159,2026,Transit,18.18,1110,Mass,3.7628396,1891,1797.8272,0.056,7287,1.62,1.661,0.3,0.145,347.593
TOI-1601 b,TOI-1601,2021,Transit,14.19902343,387,Mass,5.33175,1493.97,1071.42,0.069,5982,2.195,1.5055,0.343,2.4,336.608
TOI-163 b,TOI-163,2019,Transit,16.690201,387.7526,Mass,4.231306,1669,1489.1126,0.058,6495,1.648,1.4352,0.22,1.823,411.719
TOI-1634 b,TOI-1634,2021,Transit,1.759,4.9,Mass,0.98934551,900,121,0.01544,3550,0.45,0.502,0.23,,35.2736
TOI-1648 b,TOI-1648,2025,Transit,2.54,7.4,Mass,7.331602,799,27.4026,0.0694,4850,0.81,0.83,0.2,5.7,69.835
TOI-1669 c,TOI-1669,2024,Transit,2.2963977,13,Mass,2.6800535,1285.16,342.997,0.0376,5497,1.0561,0.9867,0.274,7.7,111.276
TOI-1670 b,TOI-1670,2022,Transit,2.06,41.31769291,Mass,10.98462,1062,196.694,0.103,6170,1.316,1.21,0.09,2.53,168.067
TOI-1670 c,TOI-1670,2022,Transit,11.06326395,200.2318964,Mass,40.74976,684,14.5514,0.249,6170,1.316,1.21,0.09,2.53,168.067
TOI-1685 b,TOI-1685,2021,Transit,1.421,3.07,Mass,0.66913923,1000,213,0.01164,3470,0.462,0.466,0.01,1.4,37.6153
TOI-169 b,TOI-169,2020,Transit,12.172974,251.40353,Mass,2.2554477,1715,1443,0.03524,5880,1.288,1.147,0.24,4.7,407.84
TOI-1691 b,TOI-1691,2024,Transit,3.66,14.6,Mass,16.73688893,703.49,59.13,0.129365,5759,1,1.03,0.052,6.6,111.445
TOI-1694 b,TOI-1694,2023,Transit,5.27,28.24,Mass,3.7701389,1037,195.2882,0.0445,5005,0.812,0.828,0.04,7.8,124.68
TOI-1695 b,TOI-1695,2022,Transit,1.9,6.36,Mass,3.1342791,698,39,0.033548,3690,0.515,0.513,0,,45.1309
TOI-1696 b,TOI-1696,2022,Transit,3.09,48.8,Mass,2.500311,489,13.5,0.0229,3185,0.2775,0.255,0.336,7.1,64.9172
TOI-1710 b,TOI-1710,2022,Transit,5.06,19.1,Mass,24.28336,602.99,33,0.1652,5775,0.93,1.02,0.04,1,81.2271
TOI-172 b,TOI-172,2019,Transit,10.816685,1722.6386,Mass,9.47725,1198,299,0.0914,5645,1.777,1.128,0.148,7.4,342.831
TOI-1723 b,TOI-1723,2024,Transit,3.435,10.4,Mass,13.72701264,782.98,92.36,0.113496,5777,1.09,1.04,0.159,4.8,100.727
TOI-1728 b,TOI-1728,2020,Transit,5.05,26.78,Mass,3.49151,767,57.78,0.0391,3980,0.6243,0.646,0.25,7.1,60.798
TOI-1736 b,TOI-1736,2023,Transit,3.18175535,12.3,Mass,7.073076,1099.79,329.6,0.073,5636,1.4286,1.0373,0.148,9.2,88.9482
TOI-1742 b,TOI-1742,2024,Transit,2.36507598,9.7,Mass,21.269084,694.09,58.618,0.154,5815,1.131,1.0861,0.193,3.9,72.8871
TOI-1749 b,TOI-1749,2021,Transit,1.39,57,Mass,2.38839,831,83.8379,0.0291,3985,0.55,0.58,-0.26,0.8,99.5561
TOI-1749 c,TOI-1749,2021,Transit,2.12,14,Mass,4.4929,673,36.1539,0.0443,3985,0.55,0.58,-0.26,0.8,99.5561
TOI-1749 d,TOI-1749,2021,Transit,2.52,15,Mass,9.0497,533,14.2074,0.0707,3985,0.55,0.58,-0.26,0.8,99.5561
TOI-1751 b,TOI-1751,2024,Transit,2.9507845,19.5,Mass,37.46852,651.64,192.521,0.215,5970,1.3137,0.9382,-0.373,9,113.335
TOI-1753 b,TOI-1753,2024,Transit,2.47852533,16.6,Mass,5.3846104,1005.43,237.996,0.059,5621,0.9715,0.9483,0.026,5.9,226.671
TOI-1758 b,TOI-1758,2024,Transit,3.62,6.9,Mass,20.70507468,551.44,21.05,0.141409,5169,0.81,0.88,-0.02,7.5,96.6215
TOI-1759 b,TOI-1759,2022,Transit,3.14,10.8,Mass,18.85019,443,6.39,0.1177,4065,0.597,0.606,0.05,5,40.0654
TOI-1775 b,TOI-1775,2024,Transit,8.04728896,96,Mass,10.2405549,707.89,55.4426,0.08,5284,0.8288,0.9218,0.162,0.8,149.234
TOI-1776 b,TOI-1776,2024,Transit,1.21612741,1.4,Mass,2.799868,1269.21,560.3349,0.0378,5785,0.9356,0.9196,-0.193,5.1,44.647
TOI-178 b,TOI-178,2021,Transit,1.2,0.96,Mass,1.9145601,1040,200.1045,0.02607,4316,0.662,0.647,-0.23,6,62.699
TOI-178 c,TOI-178,2021,Transit,1.754,4.64,Mass,3.238486,873,97.6159,0.037,4316,0.662,0.647,-0.23,6,62.699
TOI-178 d,TOI-178,2021,Transit,2.695,5.2,Mass,6.557569,690,24.9125,0.0592,4316,0.662,0.647,-0.23,6,62.699
TOI-178 e,TOI-178,2021,Transit,2.301,3.48,Mass,9.96318,600,21.8202,0.0783,4316,0.662,0.647,-0.23,6,62.699
TOI-178 f,TOI-178,2021,Transit,2.417,5.63,Mass,15.23335,521,0.6071,0.1039,4316,0.662,0.647,-0.23,6,62.699
TOI-178 g,TOI-178,2021,Transit,2.939,4.4,Mass,20.71663,470,19.4978,0.1275,4316,0.662,0.647,-0.23,6,62.699
TOI-1789 b,TOI-1789,2021,Transit,16.14093221,222.4798849,Mass,3.208664,1927,2300,0.04882,5991,2.168,1.507,0.373,2.73,229.067
TOI-1794 b,TOI-1794,2024,Transit,3.29701268,8.7,Mass,8.765528,992.91,228.913,0.082,5631,1.3162,0.9698,0.035,10.8,155.791
TOI-1798.01,TOI-1798,2024,Transit,2.448,6.5,Mass,8.021522331,734.31,69.26,0.074984,5165,0.78,0.87,0.073,2.6,113.181
TOI-1798.02,TOI-1798,2024,Transit,1.464,5.6,Mass,0.437811822,1935.83,3345.44,0.010789,5165,0.78,0.87,0.073,2.6,113.181
TOI-1799 b,TOI-1799,2024,Transit,1.642,4,Mass,7.094570865,922.72,164.26,0.072502,5690,0.957,1.01,-0.064,5.1,62.1274
TOI-1801 b,TOI-1801,2023,Transit,2.079,5.738,Mass,10.64387,493.7,10.7276,0.075,3863,0.547,0.556,-0.19,0.7,30.6796
TOI-1803 b,TOI-1803,2025,Transit,2.99,10.32,Mass,6.293287,747,58,0.06,4687,0.715,0.756,0.014,1.4,119.24
TOI-1803 c,TOI-1803,2025,Transit,4.29,8,Mass,12.885779,588,22,0.097,4687,0.715,0.756,0.014,1.4,119.24
TOI-1807 b,TOI-1807,2021,Transit,1.49681583,2.44,Mass,0.54937097,1694.1,1407.22,0.0122,4914,0.746,0.8048,0.044,2.1,42.5775
TOI-181 b,TOI-181,2023,Transit,6.9559,46.1687,Mass,4.532,895.1,102.43,0.0539,4994,0.745,0.822,0.272,5.4,96.2338
TOI-1811 b,TOI-1811,2023,Transit,11.14172682,308.9292116,Mass,3.7130765,962.2,55.9743,0.04389,4766,0.769,0.817,0.306,5.9,128.23
TOI-1820 b,TOI-1820,2022,Transit,12.778238,731.0053361,Mass,4.860674,1375,292.245,0.061,5734,1.51,1.04,0.14,11,248.504
TOI-1823 b,TOI-1823,2024,Transit,7.5406241,67.4,Mass,38.8,423.63,9.2972,0.212,4927,0.8049,0.8414,0.243,6.3,71.6456
TOI-1824 b,TOI-1824,2024,Transit,2.7438269,16,Mass,22.808533,528.67,14.6287,0.151,5165,0.8123,0.8801,0.124,2.5,59.4314
TOI-1836 b,TOI-1836,2024,Transit,8.00321222,38.45723725,Mass,20.380799,966,153.5185,0.1597,6380,1.577,1.307,-0.101,6.6,191.649
TOI-1836 c,TOI-1836,2024,Transit,2.59987579,8,Mass,1.7727471,2007.6,3983.4169,0.03089,6237,1.6454,1.2518,-0.136,3.2,191.649
TOI-1842 b,TOI-1842,2021,Transit,12.3485023,89.4,Mass,9.5739181,1199.55,354.639,0.1,6039,2.032,1.4643,0.332,2.5,223.465
TOI-1853 b,TOI-1853,2023,Transit,3.46,73.2,Mass,1.2436258,1479,435.33,0.0213,4985,0.808,0.837,0.11,,165.105
TOI-1855 b,TOI-1855,2024,Transit,18.49481816,360.0995851,Mass,1.36414864,1701,852.162,0.02398,5359,1.041,0.987,0.399,8.2,176.833
TOI-1883 b,TOI-1883,2024,Transit,5.65,13.7,Mass,4.508,544,14.7,0.0423,3554,0.506,0.495,0.32,,115.369
TOI-1898 b,TOI-1898,2024,Transit,9.39553231,129,Mass,45.52234,674.54,51.0074,0.269,6241,1.6131,1.2484,-0.095,3.1,79.6682
TOI-1899 b,TOI-1899,2020,Transit,11.09689089,212.9450327,Mass,29.090312,378,3.4,0.1525,3926,0.607,0.632,0.28,7.1,128.438
TOI-1937 A b,TOI-1937 A,2023,Transit,13.97759893,638.8350981,Mass,0.94667944,2097,3230,0.01932,5814,1.08,1.072,0.196,3.6,415.135
TOI-198 b,TOI-198,2023,Transit,1.36,3.17,Mass,10.215213,456,7.2,0.0675,3801,0.418,0.417,-0.66,1,23.7262
TOI-199 b,TOI-199,2023,Transit,9.07927437,54.03082919,Mass,104.854,325,8.5419,0.4254,5255,0.82,0.936,0.22,0.8,102.27
TOI-1994 b,TOI-1994,2024,Transit,13.67495645,7024.007795,Mass,4.0337142,2290,1910.26,0.0613,7700,2.3,1.86,-0.01,0.94,515.603
TOI-2000 b,TOI-2000,2023,Transit,2.7,11,Mass,3.09833,1488,628,0.04271,5611,1.134,1.082,0.439,5.3,175.713
TOI-2000 c,TOI-2000,2023,Transit,8.14,81.7,Mass,9.127055,1038,149,0.0878,5611,1.134,1.082,0.439,5.3,175.713
TOI-2005 b,TOI-2005,2025,Transit,11.99360935,2034.101805,Mass,17.305904,1221.39,525.9409,0.16,7130,2.02,1.59,0,1.6,328.475
TOI-201 b,TOI-201,2021,Transit,11.4,164,Mass,52.9786,759,68.4513,0.303,6423,1.31,1.32,0.24,0.666,113.825
TOI-201 d,TOI-201,2026,Transit,1.39,5.8,Mass,5.84889,1237,389.669,0.0698,6423,1.31,1.32,0.24,0.666,113.825
TOI-2010 b,TOI-2010,2023,Transit,11.81426566,408.7273314,Mass,141.834025,400.2,4.09,0.5516,5929,1.079,1.112,0.168,1.9,109.19
TOI-2015 b,TOI-2015,2023,Transit,3.309,9.2,Mass,3.348237,530.9,13.185,0.029322,3297,0.3273,0.3041,-0.31,5.5,47.3444
TOI-2018 b,TOI-2018,2023,Transit,2.268,9.2,Mass,7.435583,576.34,26.0758,,4174,0.62,0.57,-0.58,,27.9956
TOI-2019 b,TOI-2019,2024,Transit,5.33275337,34.4,Mass,15.3444,917.46,126.052,0.128,5626,1.7457,1.1832,0.409,6.4,198.007
TOI-2025 b,TOI-2025,2022,Transit,11.89272852,1144.182265,Mass,8.8720982,1166,343.7178,0.0892,5977,1.459,1.199,0.15,4.5,335.985
TOI-2031 A b,TOI-2031 A,2025,Transit,14.20177855,254.2627256,Mass,5.71548654,1358,567,0.066,6490,1.241,1.174,-0.24,2,276.105
TOI-2040 b,TOI-2040,2026,Transit,10.32347122,248.2239859,Mass,3.8608576,1070,216,0.0473,5132,0.87,0.92,0.3,8.7,144.717
TOI-2046 b,TOI-2046,2022,Transit,16.14093221,731.0053361,Mass,1.4971842,1828.82,2643.655,,6250,1.21,1.13,-0.06,0.45,289.668
TOI-2049 b,TOI-2049,2026,Transit,16.64533634,486.2774627,Mass,5.303468,1869,2032,0.06919,6164,3.2,1.57,0.311,2.2,571.487
TOI-2076 b,TOI-2076,2021,Transit,2.59,6.7,Mass,10.35504,736,49.4,0.08781,5187,0.758,0.849,-0.09,0.21,41.9091
TOI-2076 c,TOI-2076,2021,Transit,3.54,7.2,Mass,21.01447,581,32.7,0.1407,5187,0.758,0.849,-0.09,0.21,41.9091
TOI-2076 d,TOI-2076,2021,Transit,3.27,7.3,Mass,35.12803,490,16.5,0.1982,5187,0.758,0.849,-0.09,0.21,41.9091
TOI-2076 e,TOI-2076,2025,Transit,1.301,4.7,Mass,3.0223753,1110,253.1032,0.03863,5187,0.758,0.849,-0.09,0.21,41.9091
TOI-2088 b,TOI-2088,2024,Transit,3.6831179,37,Mass,124.72997,300.33,1.7338,0.472,5081,0.8481,0.9027,0.339,4.5,126.46
TOI-2093 c,TOI-2093,2025,Transit,2.3,15.8,Mass,53.81149,329,3.0647,0.257,4426,0.729,0.745,-0.08,6.6,82.7982
TOI-2095 b,TOI-2095,2023,Transit,1.25,4.1,Mass,17.66484,347,3.43,0.101,3759,0.44,0.44,-0.24,1,41.9176
TOI-2095 c,TOI-2095,2023,Transit,1.33,7.4,Mass,28.17232,297,1.84,0.137,3759,0.44,0.44,-0.24,1,41.9176
TOI-2107 b,TOI-2107,2024,Transit,13.57407563,263.7975778,Mass,2.4545467,1397,508.468,0.03515,5627,0.932,0.961,0.07,4,236.705
TOI-2109 b,TOI-2109,2021,Transit,15.098497,1595.498603,Mass,0.67247414,3646,14429,0.01791,6540,1.698,1.453,0.068,1.77,262.041
TOI-2114 b,TOI-2114,2026,Transit,14.54925695,324.1849751,Mass,6.209959,1472,1130,0.076,6400,1.97,1.309,0.001,2,317.845
TOI-2120 b,TOI-2120,2024,Transit,2.122,6.8,Mass,5.7998164,384,3.61,0.0377,3131,0.245,0.211,0.39,,32.1755
TOI-2128 b,TOI-2128,2024,Transit,2.08874836,4.5,Mass,16.34136,780.53,86.2315,0.127,5968,1.1174,1.0251,-0.07,4.7,36.578
TOI-2134 b,TOI-2134,2023,Transit,2.735,9.37,Mass,9.229198,660,32,0.07803,4580,0.709,0.744,0.12,3.8,22.6202
TOI-2134 c,TOI-2134,2023,Transit,7.35,58.3,Mass,95.85284,302,1.4,0.3715,4580,0.709,0.744,0.12,3.8,22.6202
TOI-2136 b,TOI-2136,2022,Transit,2.19,6.37,Mass,7.851928,395,4,0.057,3342,0.34,0.34,0.03,4.6,33.3631
TOI-2141 b,TOI-2141,2023,Transit,3.147,20.1,Mass,18.261608,728,47.3,0.1322,5635,0.95,0.896,-0.14,9,77.682
TOI-2145 b,TOI-2145,2023,Transit,12.24020692,1805.265352,Mass,10.261128,1484,515.939,0.1117,6206,2.75,1.71,0.28,1.6,224.731
TOI-2147 b,TOI-2147,2026,Transit,10.5,116,Mass,26.20518,820,68.2928,0.172,5983,1.39,0.99,-0.29,8,282.108
TOI-2152 A b,TOI-2152,2023,Transit,14.35870428,899.4543918,Mass,3.3773512,1802,2195.7879,0.05064,6630,1.612,1.516,0.282,0.83,303.006
TOI-2154 b,TOI-2154,2023,Transit,16.28664896,292.4021344,Mass,3.8240801,1580,1005.895,0.0513,6280,1.396,1.233,0.011,2.9,296.46
TOI-2158 b,TOI-2158,2022,Transit,10.76062147,260.6192937,Mass,8.60077,1188,81.4989,0.075,5673,1.41,1.12,0.47,8,198.473
TOI-216.01,TOI-216,2019,Transit,10.1,177.9839079,Mass,34.525528,497,10.1,0.2069,5026,0.748,0.77,0.32,,177.945
TOI-216.02,TOI-216,2019,Transit,8,18.75187601,Mass,17.16073,628,25.9,0.1293,5026,0.748,0.77,0.32,,177.945
TOI-2169 A b,TOI-2169 A,2025,Transit,12.50922246,329.5880581,Mass,8.2148282,1364,577,0.0896,6270,1.82,1.42,0.123,2.51,351.487
TOI-2180 b,TOI-2180,2022,Transit,11.32107051,875.6172613,Mass,260.79,348,2.71,0.828,5695,1.636,1.111,0.253,8.1,116.685
TOI-2184 b,TOI-2184,2022,Transit,11.39953337,206.5884645,Mass,6.90683,1676.05,1429,,5966,2.9,1.53,0.14,2.3,788.317
TOI-2193 A b,TOI-2193 A,2022,Transit,19.83989584,298.7587026,Mass,2.1225735,1763,1600,0.03319,5966,1.248,1.082,0.027,5.5,337.064
TOI-2196 b,TOI-2196,2022,Transit,3.51,26,Mass,1.1947268,1860,2000,0.02234,5634,1.043,1.032,0.14,4.5,259.947
TOI-220 b,TOI-220,2021,Transit,3.03,13.8,Mass,10.695264,805,137.7252,0.08911,5298,0.858,0.825,-0.217,10.1,90.7402
TOI-2202 b,TOI-2202,2021,Transit,10.95117414,287.3168799,Mass,11.9126075,652.07,42.7254,0.09564,5169,0.808,0.841,0.059,6.4,235.933
TOI-2207 b,TOI-2207,2022,Transit,11.1529358,203.4101805,Mass,8.001968,1259,406,0.0854,6101,1.564,1.296,0.181,3.3,373.345
TOI-2236 b,TOI-2236,2022,Transit,14.36991326,502.1688831,Mass,3.5315902,1688,1356,0.05009,6248,1.573,1.343,0.119,2.52,355.59
TOI-2285 b,TOI-2285,2021,Transit,1.77,19.5,Mass,13.635109,358,3.91,0.1363,3491,0.464,0.454,-0.05,,42.409
TOI-2295 b,TOI-2295,2024,Transit,16.47720163,278.0998561,Mass,30.033302,747,42.0912,0.1992,5730,1.459,1.168,0.316,10.5,126.279
TOI-2322 b,TOI-2322,2025,Transit,0.994,2.31,Mass,11.30717,603.1,22.04,0.0924,4664,0.662,0.703,-0.12,3.9,59.861
TOI-2322 c,TOI-2322,2025,Transit,1.874,18.1,Mass,20.225528,496.8,10.15,0.1362,4664,0.662,0.703,-0.12,3.9,59.861
TOI-2328 b,TOI-2328,2025,Transit,9.97599282,50.85254512,Mass,17.10197,842,20.0982,0.127,5525,0.9,0.95,0.09,4,231.782
TOI-2337 b,TOI-2337,2022,Transit,10.08808263,508.5254512,Mass,2.99432,1272.46,619.5809,,4780,3.22,1.325,0.39,4.9,536.046
TOI-2338 b,TOI-2338,2023,Transit,11.2089807,1900.613874,Mass,22.65398,799,13.8485,0.158,5581,1.05,0.99,0.22,7,313.996
TOI-2345 b,TOI-2345,2025,Transit,1.504,3.49,Mass,1.0528573,1478,791,0.01705,4687,0.729,0.727,-0.1,6.3,81.6541
TOI-2345 c,TOI-2345,2025,Transit,2.451,7.27,Mass,21.064302,544,14.57,0.1257,4687,0.729,0.727,-0.1,6.3,81.6541
TOI-2346 b,TOI-2346,2025,Transit,16.11851425,394.1072247,Mass,3.3312029,1689,1360,0.0473,6480,1.38,1.271,-0.03,1.9,437.484
TOI-2364 b,TOI-2364,2023,Transit,8.60849718,71.51139158,Mass,4.0197517,1091,237,0.04871,5306,0.886,0.954,0.344,3.5,219.614
TOI-2368 b,TOI-2368,2024,Transit,10.83908434,206.5884645,Mass,5.1750073,1000,162.7267,0.05649,5360,0.846,0.897,0.1,4.2,210.915
TOI-2373 b,TOI-2373,2023,Transit,10.42435205,2955.804185,Mass,13.33668,860,69.8726,0.112,5651,1.102,1.041,0.3,5.9,508.686
TOI-2374 b,TOI-2374,2024,Transit,7.48759911,61.65871096,Mass,4.3136193,926,122.9,0.04818,5002,0.711,0.802,0.128,4.5,134.655
TOI-2379 b,TOI-2379,2024,Transit,11.72459381,1830.691624,Mass,5.4693827,624,25.3,0.05263,3707,0.622,0.645,0.501,10.4,211.247
TOI-238 b,TOI-238,2024,Transit,1.559,3.37,Mass,1.273099,1378,753.1,0.0212,5059,0.756,0.781,-0.114,7.9,80.5407
TOI-2382 b,TOI-2382,2025,Transit,12.25141591,235.1930212,Mass,4.6612061,1426,689,0.059,6033,1.417,1.26,0.249,3.1,434.92
TOI-2384 b,TOI-2384,2024,Transit,11.48920522,624.8506482,Mass,2.13570304,889.7,104.3,0.02793,3943,0.6113,0.635,0.332,9.4,191.51
TOI-2406 b,TOI-2406,2021,Transit,2.86,15.6,Mass,3.0766891,449,6.69,0.02267,3100,0.204,0.166,-0.26,,55.419
TOI-2416 b,TOI-2416,2023,Transit,9.86390302,953.485221,Mass,8.275479,1080,130.93,0.0831,5808,1.236,1.118,0.32,4.9,557.733
TOI-2421 b,TOI-2421,2022,Transit,10.36830715,105.8368595,Mass,4.3474032,1534,923.6,0.0543,5607,1.75,1.131,0.19,7.5,327.927
TOI-2431 b,TOI-2431,2026,Transit,1.534,6.2,Mass,0.22419578,2063,2649.15,0.0063,4109,0.651,0.661,-0.02,2,36.0559
TOI-244 b,TOI-244,2023,Transit,1.52,2.68,Mass,7.397225,458,7.3,0.0559,3433,0.426,0.428,-0.39,7,22.0337
TOI-2443 b,TOI-2443,2023,Transit,2.363,4.8,Mass,15.66858,519,13.2931,0.105,4375,0.631,0.642,-0.29,7.5,23.9258
TOI-2447 b,TOI-2447,2024,Transit,9.60609646,124.906564,Mass,69.33684,414,44.5933,0.347,5730,1.006,1.034,0.18,2.1,148.987
TOI-2449 b,TOI-2449,2025,Transit,11.24,222,Mass,106.14468,400,362.642,0.45,6021,1.065,1.079,-0.03,2.5,156.786
TOI-2458 b,TOI-2458,2024,Transit,2.83,13.31,Mass,3.73659,1509.4,865,0.0482,6005,1.31,1.05,-0.1,5.7,112.958
TOI-2485 b,TOI-2485,2024,Transit,12.1393261,766.6021177,Mass,11.23479,1134,275.6,0.1093,6016.4,1.72,1.163,0.097,6,397.953
TOI-2497 b,TOI-2497,2023,Transit,11.14172682,1531.932922,Mass,10.655669,1595,997.8085,0.1166,7360,2.36,1.859,0.094,1,285.289
TOI-2498 b,TOI-2498,2023,Transit,6.06,34.62,Mass,3.738252,1443,790.4759,0.0491,5905,1.26,1.12,0.167,3.6,275.265
TOI-251 b,TOI-251,2021,Transit,2.74,317.83,Mass,4.93777,1041.19,277.7462,0.05741,5875,0.881,1.036,-0.106,0.18,99.523
TOI-2524 b,TOI-2524,2023,Transit,11.2089807,203.4101805,Mass,7.18585,1100,210.609,0.073,5831,1.119,1.007,0.06,6.7,438.842
TOI-2525 b,TOI-2525,2023,Transit,8.67575106,26.69758619,Mass,23.2856,512.97,16.3643,0.1511,5096,0.785,0.849,0.14,3.99,395.398
TOI-2525 c,TOI-2525,2023,Transit,10.13291855,208.8132634,Mass,49.2519,399.96,6.0478,0.249,5096,0.785,0.849,0.14,3.99,395.398
TOI-2529 b,TOI-2529,2024,Transit,11.54525012,743.7184724,Mass,64.5949,636,70.9731,0.327,5802,1.7,1.11,0.1,7.23,296.271
TOI-2537 b,TOI-2537,2024,Transit,11.25381662,415.401728,Mass,94.1022,338,7.4445,0.3715,4870,0.771,0.771,0.08,1.1,184.986
TOI-2567 b,TOI-2567,2022,Transit,10.92875618,63.88350981,Mass,5.983944,1352,558,0.0672,5611,1.686,1.13,0.241,7.6,504.775
TOI-257 b,TOI-257,2021,Transit,7.16253867,43.86032017,Mass,18.38818,1027,186,0.1528,6095,1.867,1.407,0.175,,76.9028
TOI-2570 b,TOI-2570,2022,Transit,13.64132951,260.6192937,Mass,2.9887615,1431,699,0.04145,5771,1.095,1.063,0.191,4.4,361.857
TOI-2578 b,TOI-2578,2026,Transit,19.66055215,167.1777421,Mass,3.4579667,1778,1667,0.0495,6333,1.64,1.27,0.01,5.6,285.53
TOI-2580 b,TOI-2580,2024,Transit,17.37392009,200.2318964,Mass,3.39775,2410,1730,0.048,6120,1.81,1.33,0.26,2,379.253
TOI-2583 A b,TOI-2583 A,2023,Transit,14.4595851,79.45710175,Mass,4.5207265,1456,750.9,0.0571,5936,1.477,1.215,0.158,4.4,566.189
TOI-2587 A b,TOI-2587 A,2023,Transit,12.07207221,69.28659273,Mass,5.45664,1445,728,0.0635,5760,1.726,1.15,0.13,6.7,373.675
TOI-2589 b,TOI-2589,2023,Transit,12.10569916,1112.399424,Mass,61.6277,592,21.7464,0.3,5579,1.07,0.93,0.12,11,200.273
TOI-260 b,TOI-260,2024,Transit,1.71,4.23,Mass,13.475853,493,10.1838,0.0943,4026,0.607,0.616,-0.47,15.9,20.1852
TOI-2641 b,TOI-2641,2023,Transit,18.10250383,122.6817651,Mass,4.880974,1387,602,0.0607,6100,1.336,1.16,-0.15,10.8,344.045
TOI-2669 b,TOI-2669,2022,Transit,19.72780603,193.8753283,Mass,6.2034,1226,375.554,,4800,4.1,1.19,0.1,5.9,393.443
TOI-269 b,TOI-269,2021,Transit,2.77,8.8,Mass,3.6977104,531,19,0.0345,3514,0.398,0.3917,-0.29,,57.0225
TOI-270 b,TOI-270,2019,Transit,1.28,1.48,Mass,3.35992,600,131.7935,0.03197,3506,0.38,0.386,-0.17,,22.4793
TOI-270 c,TOI-270,2019,Transit,2.33,6.2,Mass,5.66051,489,47.0639,0.04526,3506,0.38,0.386,-0.17,,22.4793
TOI-270 d,TOI-270,2019,Transit,2,4.2,Mass,11.38194,383,9.2135,0.0721,3506,0.38,0.386,-0.17,,22.4793
TOI-2714 b,TOI-2714,2024,Transit,13.72,228,Mass,2.499387,1603,945.55,0.036,5665,1.25,1.07,0.3,5.5,597.873
TOI-2796 b,TOI-2796,2023,Transit,17.26183028,139.8444991,Mass,4.8084983,1205,352,0.0569,5764,1.069,1.063,0.239,4,350.343
TOI-2803 A b,TOI-2803 A,2023,Transit,18.11371281,309.8826968,Mass,1.96229325,1893,2150,0.03185,6280,1.245,1.118,-0.105,3.7,494.818
TOI-2818 b,TOI-2818,2023,Transit,15.27784069,225.658169,Mass,4.039709,1376,598,0.0493,5721,1.229,0.977,-0.02,9.5,312.674
TOI-283 b,TOI-283,2025,Transit,2.34,6.54,Mass,17.61745,661,30.4,0.123,5213,0.85,0.8,-0.09,10.4,82.7013
TOI-2842 b,TOI-2842,2023,Transit,12.84549188,117.5965106,Mass,3.5514058,1471,781.8,0.0475,5910,1.265,1.135,0.233,4.7,460.995
TOI-286 b,TOI-286,2024,Transit,1.42,4.53,Mass,4.5117244,979,889.5827,0.0503,5152,0.78,0.832,-0.05,,59.2293
TOI-286 c,TOI-286,2024,Transit,1.88,3.72,Mass,39.361826,475,22.4437,0.213,5152,0.78,0.832,-0.05,,59.2293
TOI-2876 b,TOI-2876,2025,Transit,9.6397234,54.03082919,Mass,6.2996431,929,124.2,0.0654,5271,0.873,0.939,0.353,3.8,225.744
TOI-2886 b,TOI-2886,2025,Transit,18.6405349,444.9597698,Mass,1.60200105,1978,2560,0.02871,6240,1.241,1.229,0.284,1.7,413.673
TOI-2969 b,TOI-2969,2025,Transit,12.32987877,368.6809521,Mass,1.8237146,1186,382,0.0261,4738,0.7,0.71,0.08,,163.996
TOI-2977 b,TOI-2977,2023,Transit,13.15934334,533.9517238,Mass,2.3505614,1544,947.8,0.03386,5691,1.073,0.936,0.013,9.8,
TOI-2981 b,TOI-2981,2024,Transit,13.4,638,Mass,3.601501,1358,556.616,0.048,5940,1.08,1.03,-0.11,4.5,527.789
TOI-2986 b,TOI-2986,2025,Transit,9.292245,96.61983573,Mass,3.2783662,1622,1156,0.04489,5906,1.458,1.122,0.095,6.3,563.149
TOI-2989 b,TOI-2989,2025,Transit,12.55405838,953.485221,Mass,3.122832,1001,124,0.0384,4672,0.76,0.77,-0.04,,195.795
TOI-2992 b,TOI-2992,2025,Transit,13.75341932,1058.368595,Mass,3.007812,1726,1484,0.0434,6000,1.545,1.21,0.084,4.6,542.026
TOI-3023 b,TOI-3023,2023,Transit,16.43236571,197.0536123,Mass,3.9014971,1596,1084,0.0505,5760,1.668,1.12,0.085,7,389.916
TOI-3053 b,TOI-3053,2026,Transit,13.56286665,270.1541459,Mass,2.9919987,1290,460,0.039,5378,0.97,0.96,0.2,7.8,337.627
TOI-3071 b,TOI-3071,2024,Transit,7.16,68.2,Mass,1.266938,2155,2579.61,0.0249,6177,1.31,1.29,0.35,0.95,485.219
TOI-3135 b,TOI-3135,2025,Transit,13.65253849,327.3632592,Mass,3.7065585,1292,464,0.04756,5890,0.985,1.044,0.071,1.8,221.673
TOI-3160 A b,TOI-3160 A,2025,Transit,13.7646283,378.2158043,Mass,3.971281,1539,933,0.0505,6190,1.346,1.088,-0.114,5.5,567.678
TOI-3235 b,TOI-3235,2023,Transit,11.39953337,211.3558906,Mass,2.59261842,604,13.8883,0.02709,3388.8,0.3697,0.3939,0.264,,72.811
TOI-3261 b,TOI-3261,2024,Transit,3.82,30.3,Mass,0.8831331,1722,1466,0.01714,5068,0.849,0.861,0.138,6.5,300.141
TOI-3278 b,TOI-3278,2026,Transit,13.89913607,95.3485221,Mass,3.246456,1561,1030,0.043,5720,1.39,1.04,0.04,8.9,904.752
TOI-3288 b,TOI-3288,2025,Transit,12.24020692,536.1765226,Mass,1.4338647,973,213.8,0.02285,4072,0.672,0.643,0.65,,200.5
TOI-329 b,TOI-329,2024,Transit,4.94057819,40.4,Mass,5.70439,1213.02,576.8749,0.0638,5614,1.5326,1.0678,0.205,8.7,284.388
TOI-332 b,TOI-332,2023,Transit,3.2,57.2,Mass,0.777038,1871,4180.32,0.0159,5251,0.87,0.88,0.256,5,222.852
TOI-3321 b,TOI-3321,2024,Transit,15.55806521,176.0769375,Mass,3.6525145,1616,967.919,0.047,5850,1.549,1.041,-0.103,8.1,285.895
TOI-333 b,TOI-333,2025,Transit,4.26,20.1,Mass,3.7852503,1445,650.4959,0.049,6241,1.1,1.2,0.01,1,352.269
TOI-3331 A b,TOI-3331 A,2022,Transit,12.97999965,721.4704839,Mass,2.0180231,1488,818.5,0.03144,5609,0.952,1.016,0.148,2.1,217.193
TOI-3362 b,TOI-3362,2021,Transit,12.80065596,1598.359059,Mass,18.09547,688,37.2117,0.153,6532,1.83,1.445,0.017,2.14,366.987
TOI-3364 b,TOI-3364,2023,Transit,12.22899794,530.7734397,Mass,5.8768918,1264,425,0.0675,5706,1.419,1.186,0.387,5.4,277.899
TOI-3457 b,TOI-3457,2026,Transit,10.64,797.7493016,Mass,32.600268,824.2,17.4858,0.2001,6300,1.474,1.04,0.28,,370.666
TOI-3464 b,TOI-3464,2025,Transit,13.7646283,397.2855088,Mass,3.6515568,1693,1370,0.0515,6370,1.56,1.363,0.045,2.1,597.774
TOI-3474 b,TOI-3474,2025,Transit,14.67255574,193.8753283,Mass,3.8795105,1451,740,0.0502,6020,1.256,1.121,0.146,4.7,420.123
TOI-3486 b,TOI-3486,2025,Transit,10.5700688,99.16246298,Mass,2.21778105,1190,334,0.03138,4930,0.788,0.837,0.283,5.8,154.715
TOI-3493 b,TOI-3493,2025,Transit,3.22,8.97,Mass,8.1594667,1102,245,,5844,1.228,1.023,0.03,7.3,96.7224
TOI-3523 A b,TOI-3523 A,2025,Transit,15.9727975,435.4249176,Mass,2.30458952,1984,2590,0.03559,6450,1.448,1.131,-0.366,4.3,645.294
TOI-3540 A b,TOI-3540 A,2022,Transit,23.53885947,375.0375203,Mass,3.119999,1498,841.3,0.04289,5810,1.228,1.081,0.176,6,
TOI-3568 b,TOI-3568,2024,Transit,5.3,26.4,Mass,4.417965,899,130.1481,0.0485,4969,0.719,0.78,-0.01,6.1,197.906
TOI-3593 b,TOI-3593,2025,Transit,11.02963701,565.7345645,Mass,3.8212867,1170,308,0.0481,5550,0.918,1.015,0.384,1.8,226.63
TOI-3629 b,TOI-3629,2022,Transit,8.29464572,82.63538582,Mass,3.936551,690,39,0.043,3870,0.6,0.63,0.4,7,130.091
TOI-3664 b,TOI-3664,2026,Transit,13.69737442,114.4182265,Mass,3.2974839,1232,349.544,0.0431,5593,1.11,0.98,0.17,9,464.748
TOI-3682 b,TOI-3682,2025,Transit,12.80065596,69.28659273,Mass,3.3462406,1657,1258,0.048,5703,1.735,1.32,0.416,4.2,404.211
TOI-3688 A b,TOI-3688 A,2023,Transit,13.08088048,311.4718389,Mass,3.246075,1534,924.3,0.0456,5950,1.302,1.199,0.262,3.3,396.378
TOI-3693 b,TOI-3693,2022,Transit,12.59889431,324.1849751,Mass,9.088516,801,68.6,0.0813,5321,0.791,0.867,0.071,3,176.436
TOI-3714 b,TOI-3714,2022,Transit,11.32107051,222.4798849,Mass,2.154849,750,54,0.027,3660,0.51,0.53,0.1,2.9,112.71
TOI-375 b,TOI-375,2026,Transit,10.77183045,236.7821632,Mass,9.45469,1373,593.3,0.099,5259.9,2.9,1.441,0.084,2.94,396.213
TOI-3757 b,TOI-3757,2022,Transit,12,85.3,Mass,3.438753,759,55.4,0.03845,3913,0.62,0.64,0,7.1,181.139
TOI-3785 b,TOI-3785,2023,Transit,5.14,14.95,Mass,4.6747373,582,19.1,0.043,3576,0.5,0.52,0.099,8,79.7634
TOI-3807 b,TOI-3807,2023,Transit,18.49481816,330.5415433,Mass,2.8989727,1646,1230,0.0421,5772,1.468,1.181,0.278,5.6,421.745
TOI-3819 b,TOI-3819,2023,Transit,13.13692538,352.7895318,Mass,3.2443141,1633,1186,0.04611,5859,1.538,1.242,0.273,4.5,558.141
TOI-3837 b,TOI-3837,2025,Transit,10.87271128,187.5187601,Mass,11.88865,1178,138.065,0.099,5905,1.2,0.89,-0.26,11.2,311.705
TOI-3856 b,TOI-3856,2025,Transit,13.59649359,171.6273398,Mass,2.04360352,1544,949,0.0325,5622,1.055,1.096,0.454,2.6,314.443
TOI-3862 b,TOI-3862,2026,Transit,5.53,53.7,Mass,1.55745774,1539,358.839,0.02539,5300,0.92,0.9,0.11,,249.02
TOI-3877 b,TOI-3877,2025,Transit,11.67975789,99.7981198,Mass,4.123596,1445,729,0.0529,5731,1.445,1.16,0.269,5.9,493.77
TOI-3884 b,TOI-3884,2022,Transit,6.43,32.59,Mass,4.5445828,441,6.29,0.0361,3180,0.302,0.298,0.04,,43.1448
TOI-3894 b,TOI-3894,2024,Transit,15.27784069,260.6192937,Mass,4.33454,1531,546.903,0.05354,6000,1.502,1.138,0.021,5.7,417.365
TOI-3912 b,TOI-3912,2023,Transit,14.28024141,129.0383332,Mass,3.4936264,1512,872.2,0.0463,5725,1.392,1.088,0.187,7.5,465.992
TOI-3919 b,TOI-3919,2024,Transit,12.31866979,1233.174219,Mass,7.433234,1198,184.322,0.0795,6100,1.319,1.208,0.175,3.1,604.591
TOI-3976 A b,TOI-3976 A,2023,Transit,12.27383387,55.61997123,Mass,6.607662,1295,469,0.0743,5975,1.501,1.254,0.182,3.8,516.087
TOI-3980 b,TOI-3980,2025,Transit,14.4595851,187.5187601,Mass,3.6089254,1621,1153,0.0494,5840,1.626,1.24,0.188,4.7,486.721
TOI-3984 A b,TOI-3984 A,2023,Transit,7.9,44,Mass,4.353326,563,16.7,0.041,3476,0.47,0.49,0.18,2.9,108.883
TOI-4010 b,TOI-4010,2023,Transit,3.02,11,Mass,1.348335,1441,714,0.0229,4960,0.83,0.88,0.37,6.1,177.504
TOI-4010 c,TOI-4010,2023,Transit,5.93,20.31,Mass,5.414654,907,112,0.058,4960,0.83,0.88,0.37,6.1,177.504
TOI-4010 d,TOI-4010,2023,Transit,6.18,38.15,Mass,14.70886,650,30,0.113,4960,0.83,0.88,0.37,6.1,177.504
TOI-4034 b,TOI-4034,2026,Transit,17.71018951,276.5107141,Mass,1.8020932,1907,1870.78,0.03289,5891,1.83,1.19,0.12,5.7,745.145
TOI-406 c,TOI-406,2024,Transit,1.32,2.08,Mass,3.307441,584,19,0.0322,3392,0.41,0.408,-0.02,,31.0597
TOI-406.01,TOI-406,2024,Transit,2.08,6.57,Mass,13.175682,368,3,0.0809,3392,0.41,0.408,-0.02,,31.0597
TOI-4087 b,TOI-4087,2023,Transit,13.04725353,232.0147371,Mass,3.1774835,1458,753.9,0.04469,6060,1.112,1.178,0.237,0.8,301.676
TOI-411 b,HD 22946,2022,Transit,1.362,13.71,Mass,4.040295,1241,495.139,0.05727,6169,1.117,1.098,-0.08,2.5,62.7792
TOI-411 c,HD 22946,2022,Transit,2.328,9.72,Mass,9.573083,931,156.75,0.1017,6169,1.117,1.098,-0.08,2.5,62.7792
TOI-4127 b,TOI-4127,2023,Transit,12.07,743.7184724,Mass,56.3987,556,22.3,0.303,6096,1.293,1.23,0.14,4.8,319.632
TOI-4137 b,TOI-4137,2022,Transit,13.57407563,457.6729061,Mass,3.8016122,1570,1013,0.05222,6202,1.438,1.313,0.182,2.1,334.993
TOI-4145 A b,TOI-4145 A,2023,Transit,13.30506009,136.666215,Mass,4.0664428,1074,223,0.04823,5281,0.859,0.905,0.168,4.7,205.387
TOI-4153 b,TOI-4153,2024,Transit,16.11851425,365.5026681,Mass,4.6174141,1669,1212.0072,0.06311,6860,1.605,1.572,0.317,0.4,423.84
TOI-4201 b,TOI-4201,2023,Transit,13.67495645,788.2144494,Mass,3.5819194,725,45.2,0.04,3794,0.63,0.61,0.52,1.4,189.011
TOI-421 b,TOI-421,2020,Transit,2.64,6.7,Mass,5.197576,922,154.57,0.0554,5291,0.866,0.833,-0.044,10.9,74.7969
TOI-421 c,TOI-421,2020,Transit,5.09,14.1,Mass,16.067541,635,34.32,0.117,5291,0.866,0.833,-0.044,10.9,74.7969
TOI-4214 b,TOI-4214,2025,Transit,10.68215861,165.2707716,Mass,3.4913885,1642,1210,0.05018,6370,1.434,1.382,0.294,1.1,346.881
TOI-431 b,TOI-431,2021,Transit,1.28,3.07,Mass,0.490047,1862,2120.4475,0.0113,4850,0.731,0.78,0.2,,32.5686
TOI-431 d,TOI-431,2021,Transit,3.29,9.9,Mass,12.46103,633,28.3588,0.098,4850,0.731,0.78,0.2,,32.5686
TOI-4311 b,TOI-4311,2026,Transit,1.376,4.5,Mass,0.9902738,1664,1273,0.01817,5063,0.8441,0.816,-0.065,6.6,134.988
TOI-4311 c,TOI-4311,2026,Transit,2.47,13.58,Mass,15.070425,671,33.8,0.1116,5063,0.8441,0.816,-0.065,6.6,134.988
TOI-4329 b,TOI-4329,2022,Transit,16.81347105,143.0227832,Mass,2.9223,2027.12,3990.5716,,6000,2.31,1.538,0.29,2.39,717.128
TOI-4336 A b,TOI-4336 A,2024,Transit,2.137,3.33,Mass,16.336351,309.4,1.53,0.0849,3307,0.326,0.306,0.14,6.7,22.5455
TOI-4336 A c,TOI-4336 A,2026,Transit,1.251,1.55,Mass,7.587266,399.5,4.24,0.05092,3307,0.326,0.306,0.14,6.7,22.5455
TOI-4342 b,TOI-4342,2023,Transit,2.329,7.3,Mass,5.5382592,639,27.8,0.0519,3866,0.598,0.587,0.26,,61.5204
TOI-4342 c,TOI-4342,2023,Transit,2.349,4.8,Mass,10.688662,514,11.6,0.0804,3866,0.598,0.587,0.26,,61.5204
TOI-4377 b,TOI-4377,2023,Transit,15.10970598,304.1617855,Mass,4.378081,1162.08,430.9826,0.0579,4974,3.52,1.36,0.205,3.88,455.82
TOI-4379 b,TOI-4379,2024,Transit,16.69017226,353.743017,Mass,3.25352,1869.38,2886.0903,,6020,1.976,1.372,0.16,4.51,645.158
TOI-4406 b,TOI-4406,2023,Transit,11.2089807,95.3485221,Mass,30.08364,904,58.0054,0.201,6219,1.29,1.19,0.1,2.9,261.834
TOI-4409 b,TOI-4409,2026,Transit,7.44,14.93793513,Mass,92.491789,305.05,2.0466,,4928,0.72,0.763,0,7,179.419
TOI-4427 b,TOI-4427,2026,Transit,13.09208946,87.72064033,Mass,4.6182621,1040,195,0.05389,5347,0.89,0.9,0.002,7.9,198.251
TOI-4438 b,TOI-4438,2024,Transit,2.4,4.11,Mass,7.446295,446,6,0.0523,3501,0.365,0.345,0.07,4.8,30.0346
TOI-4458 b,TOI-4458,2026,Transit,12.40834163,552.067943,Mass,3.9393792,1759,1595,0.0522,6151,1.96,1.47,0.17,2.8,505.432
TOI-4463 A b,TOI-4463 A,2023,Transit,13.26022417,252.3557552,Mass,2.8807198,1395,633,0.04036,5640,1.062,1.056,0.25,4.1,173.117
TOI-4465 b,TOI-4465,2025,Transit,14.01122587,1872.009317,Mass,101.94054,427,130.528,0.416,5545,1.014,0.93,-0.06,,121.139
TOI-4487 A b,TOI-4487 A,2025,Transit,14.60530185,397.2855088,Mass,3.9540709,1639,1203,0.05448,6206,1.634,1.378,0.216,2.45,479.145
TOI-4492 b,TOI-4492,2026,Transit,11.78063872,1881.544169,Mass,4.4331824,1207,510,0.0535,5711,1.222,1.067,0.219,,143.184
TOI-4495 b,TOI-4495,2026,Transit,2.483,7.7,Mass,2.56699,1735,1001.28,0.03957,6210,1.309,1.247,0.18,1.9,132.214
TOI-4495 c,TOI-4495,2024,Transit,4.03,23.2,Mass,5.18553,1365,346.626,0.06323,6210,1.309,1.247,0.18,1.9,132.214
TOI-4504 b,TOI-4504,2024,Transit,2.65,140,Mass,2.4261516,1345,548.0544,0.0338,5315,0.93,0.875,0.16,10,342.605
TOI-4504 c,TOI-4504,2024,Transit,11.17,821,Mass,82.819093,412.5,0.2639,0.3593,5315,0.93,0.875,0.16,10,342.605
TOI-4507 b,TOI-4507,2025,Transit,8.2,20,Mass,104.61611,464.8,23.5778,0.456,6260,1.04,1.11,-0.06,0.7,178.26
TOI-451 b,TOI-451,2020,Transit,1.84,4.7,Mass,1.8587033,1474,786,0.0274,5490,0.85,0.93,0.02,0.125,123.739
TOI-451 c,TOI-451,2020,Transit,2.93,3.7,Mass,9.192463,865,93,0.0795,5490,0.85,0.93,0.02,0.125,123.739
TOI-451 d,TOI-451,2020,Transit,3.93,10.2,Mass,16.364962,714,43.2,0.1168,5490,0.85,0.93,0.02,0.125,123.739
TOI-4515 b,TOI-4515,2024,Transit,12.17,637,Mass,15.266446,705,42.2987,0.118,5433,0.86,0.949,0.05,1.2,193.499
TOI-4529 b,TOI-4529,2026,Transit,1.77,4.9,Mass,5.879577,511,14.6089,,3697,0.48,0.482,-0.24,,28.384
TOI-4551 b,TOI-4551,2023,Transit,11.85910158,473.5643264,Mass,9.95581,1655,1247.74,0.0994,4896,3.55,1.31,0.23,4.92,215.986
TOI-4552 b,TOI-4552,2026,Transit,1.11,1.83,Mass,0.30110032,1122,263,0.0056255,3258,0.2869,0.2619,-0.07,,27.2684
TOI-4562 b,TOI-4562,2023,Transit,12.53,732,Mass,225.1064,318,3.2011,0.768,6096,1.152,1.192,0.08,0.7,339.605
TOI-4582 b,TOI-4582,2023,Transit,10.53644186,168.4490557,Mass,31.034,614.66,33.7343,,5190,2.5,1.34,0.17,,383.846
TOI-4600 b,TOI-4600,2023,Transit,6.8,959.8417891,Mass,82.6869,347,3.3159,0.349,5170,0.81,0.89,0.16,2.3,216.056
TOI-4600 c,TOI-4600,2023,Transit,9.42,2946.269333,Mass,482.8191,191,48.3867,1.152,5170,0.81,0.89,0.16,2.3,216.056
TOI-4602.01,TOI-4602,2024,Transit,2.45,5.53,Mass,3.9812999,1344,664,0.04747,5966,1.08,0.9,-0.26,,63.0637
TOI-4603 b,TOI-4603,2023,Transit,11.67975789,4096.808166,Mass,7.24599,1677,1192,0.0888,6264,2.738,1.765,0.342,1.64,225.643
TOI-4633 c,TOI-4633,2024,Transit,3.2,123,Mass,271.9445,268.57,1.56,0.847,5800,1.05,1.1,0.2379,1.3,95.2016
TOI-4641 b,TOI-4641,2023,Transit,8.18255591,1229.995935,Mass,22.09341,950.11,192.5802,0.173,6560,1.72,1.41,-0.09,2.69,86.3501
TOI-4666 b,TOI-4666,2025,Transit,12.53164042,155.418091,Mass,2.9089165,695,55.6,0.034,3793,0.585,0.576,0.79,3,154.749
TOI-469.01,TOI-469,2021,Transit,3.41,9.1,Mass,13.6308205,716,74.7,0.111,5289,0.98,0.901,0.24,11.2,68.192
TOI-4734 b,TOI-4734,2025,Transit,10.9175472,61.65871096,Mass,6.235633,1468,775,0.074,6070,1.857,1.391,0.288,3.2,563.068
TOI-4773 b,TOI-4773,2025,Transit,15.22179579,1687.668841,Mass,1.7452851,2255,3879.8071,0.03216,6740,1.55,1.452,0.11,1.07,492.888
TOI-4791 b,TOI-4791,2023,Transit,12.44196858,734.1836202,Mass,4.28088,1472,783.2,0.0555,6058,1.409,1.242,0.207,3.3,328.802
TOI-4794 b,TOI-4794,2025,Transit,14.35870428,308.2935548,Mass,3.5658116,1673,1310,0.0492,6390,1.451,1.25,-0.102,2.7,543.008
TOI-480 b,TOI-480,2024,Transit,2.85372018,20.8,Mass,6.866196,1198.94,531.521,0.077,6174,1.4877,1.2793,0.164,2.7,54.5306
TOI-481 b,TOI-481,2020,Transit,11.09691,486.2799,Mass,10.33111,1370,253.126,0.097,5735,1.66,1.14,0.26,6.7,179.366
TOI-4860 b,TOI-4860,2023,Transit,8.7,86.7,Mass,1.5227591,694,42.5,0.01808,3260,0.358,0.34,0.27,4.5,80.1423
TOI-4914 b,TOI-4914,2024,Transit,12.87,227,Mass,10.60057,894,18.1082,0.098,5805,1,1.03,-0.13,5.3,299.89
TOI-4940 b,TOI-4940,2025,Transit,6.61,89,Mass,25.867811,643,40.4612,0.165,5504,1.163,1.012,0.326,9.8,345.659
TOI-4961 b,TOI-4961,2025,Transit,12.34108775,572.0911326,Mass,7.479182,919,115,0.0726,5380,0.912,0.912,0.206,8,213.073
TOI-4994 b,TOI-4994,2024,Transit,8.54124329,88.99195396,Mass,21.491984,717.6,40,0.1515,5640,1.055,1.005,0.165,6.3,329.304
TOI-500 b,TOI-500,2022,Transit,1.166,1.42,Mass,0.548177,1617,1138,0.01189,4440,0.678,0.74,0.12,5,47.3924
TOI-5005 b,TOI-5005,2024,Transit,6.25,32.7,Mass,6.3085044,1040,226,0.06614,5749,0.93,0.97,0.15,2.2,207.891
TOI-5007 b,TOI-5007,2026,Transit,11.07447293,211.0380622,Mass,2.543371,774,85.3,0.0307,3793,0.656,0.632,0.43,4,203.352
TOI-5027 b,TOI-5027,2025,Transit,10.76062147,642.0133821,Mass,10.24368,1056,190.912,0.093,5909,0.92,1.02,-0.15,0.4,204.429
TOI-5076 b,TOI-5076,2024,Transit,3.48935569,16.14568308,Mass,23.443162,550,12.8373,0.1481,4780,0.844,0.789,0.082,8.4,82.857
TOI-5108 b,TOI-5108,2025,Transit,6.6,32,Mass,6.753581,1180,122.785,0.073,5808,1.29,1.1,0.2,5.8,130.919
TOI-5110 b,TOI-5110,2024,Transit,11.98240037,921.7023803,Mass,30.158577,976,15.1027,0.2157,6160,2.333,1.469,0.065,4,392.259
TOI-512 b,TOI-512,2025,Transit,1.54,3.57,Mass,7.18886,1009,127,,5277,0.89,0.74,-0.11,8.235,67.3975
TOI-5153 b,TOI-5153,2022,Transit,11.88151954,1036.120607,Mass,20.33003,906,49.5559,0.158,6300,1.4,1.24,0.12,5.4,390.484
TOI-5181 A b,TOI-5181 A,2025,Transit,13.34989601,330.5415433,Mass,3.8922295,1585,1053,0.0522,6060,1.53,1.25,0.208,4.1,480.155
TOI-519 b,TOI-519,2021,Transit,11.54525012,147.1545524,Mass,1.2652328,687,54,0.0159,3322,0.35,0.335,0.27,5.4,115.557
TOI-5205 b,TOI-5205,2023,Transit,11.6,343,Mass,1.630757,737,49,0.0199,3430,0.394,0.392,0,,86.4493
TOI-521 b,TOI-521,2025,Transit,1.98,5.3,Mass,1.54285047,794,66,0.0195,3544,0.421,0.42,-0.12,0.8,60.9425
TOI-5210 b,TOI-5210,2025,Transit,10.72699453,81.99972901,Mass,4.5661061,1286,456,0.0557,5723,1.209,1.105,0.324,5.3,302.086
TOI-5218 b,TOI-5218,2024,Transit,9.86,657,Mass,4.291452,783,62,0.0469,4230,0.708,0.739,0.41,6.7,377.483
TOI-5232 b,TOI-5232,2024,Transit,12.778238,743.7184724,Mass,4.0966692,1772,1193.86,0.05593,6500,1.785,1.389,-0.104,2.37,609.388
TOI-5261 b,TOI-5261,2025,Transit,11.60129502,3651.848396,Mass,4.1509768,1244,159.592,0.05134,5790,1.021,1.037,0.254,4.2,377.054
TOI-5292 A b,TOI-5292 A,2026,Transit,12.64373023,412.8591007,Mass,2.02191,809,102,0.0279,3919,0.611,0.596,0.33,5,337.095
TOI-5293 A b,TOI-5293 A,2023,Transit,11.9,170.4,Mass,2.930289,675,34.6,0.034,3586,0.52,0.54,-0.03,2.9,162.229
TOI-530 b,TOI-530,2021,Transit,9.30345398,127.1313628,Mass,6.387597,565,14.259,0.052,3659,0.54,0.53,0.376,,148.762
TOI-5300 b,TOI-5300,2025,Transit,9.86390302,190.6970442,Mass,2.262196,1043,198,0.0295,4610,0.65,0.67,-0.17,,162.51
TOI-5301 b,TOI-5301,2024,Transit,13.09208946,1182.321674,Mass,5.858858,1648,429.794,0.073,6240,2.19,1.483,0.03,2.43,629.161
TOI-532 b,TOI-532,2021,Transit,5.82,61.5,Mass,2.3266508,867,94.1,0.0296,3927,0.612,0.639,0.338,7.1,135.047
TOI-5322 b,TOI-5322,2025,Transit,16.6117094,184.0226477,Mass,5.4233207,1350,554,0.0604,5692,1.462,0.998,-0.048,9.7,476.899
TOI-5340 b,TOI-5340,2025,Transit,15.07607904,270.1541459,Mass,4.9394392,1566,1004,0.0628,5990,1.842,1.35,0.208,3.5,532.629
TOI-5344 b,TOI-5344,2023,Transit,10.60369574,130.9453037,Mass,3.792622,689,38,0.04041,3747,0.588,0.612,0.425,10.9,138.367
TOI-5349 b,TOI-5349,2026,Transit,10.2,127.4,Mass,3.317921,719,44.5,0.0369,3751,0.58,0.61,0.5,9,188.336
TOI-5350 b,TOI-5350,2025,Transit,12.41955062,2094.489202,Mass,7.581367,1195,321.879,0.0796,6220,1.263,1.167,0.044,3.1,277.419
TOI-5386 A b,TOI-5386 A,2025,Transit,14.70618268,155.1002626,Mass,3.62156552,1488,817,0.04856,6094,1.245,1.165,0.182,3.4,394.486
TOI-5388.01,TOI-5388,2024,Transit,0.99,2.2,Mass,2.5946748,488,3.3023,0.024335855,3440,0.3,0.292,-0.36,,18.5226
TOI-5398 b,TOI-5398,2022,Transit,10.3,58.7,Mass,10.590547,947,118.413,0.098,6000,1.051,1.146,0.09,0.65,130.855
TOI-5398 c,TOI-5398,2023,Transit,3.52,11.8,Mass,4.77271,1242,370.603,0.057,6000,1.051,1.146,0.09,0.65,130.855
TOI-5422 b,TOI-5422,2026,Transit,9.10169233,8899.195396,Mass,5.377219,1369,580,0.0619,5820,1.474,1.066,-0.012,7.6,346.141
TOI-544 b,TOI-544,2022,Transit,2.018,2.89,Mass,1.548352,999,240.195,0.0225,4169,0.623,0.631,-0.17,9,41.1166
TOI-5542 b,TOI-5542,2022,Transit,11.30986153,419.5334972,Mass,75.12375,441,9.6,0.332,5700,1.058,0.89,-0.21,10.8,348.849
TOI-5573 b,TOI-5573,2025,Transit,9.75,112,Mass,8.79758977,528,12.92,0.0712,3790,0.594,0.619,0.42,9.7,186.562
TOI-558 b,TOI-558,2021,Transit,12.17295304,1147.360549,Mass,14.574071,1061,248.8554,0.1291,6466,1.496,1.349,-0.004,1.79,402.63
TOI-559 b,TOI-559,2021,Transit,12.22899794,1910.148726,Mass,6.9839095,1180,404.915,0.0723,5925,1.233,1.026,-0.069,6.8,233.266
TOI-5592 b,TOI-5592,2025,Transit,17.14974047,285.7277379,Mass,2.6085846,1789,1712,0.03935,6237,1.393,1.194,-0.013,3.6,597.026
TOI-561 b,TOI-561,2020,Transit,1.397,2.02,Mass,0.4465697,2319,4709,0.01064,5342,0.843,0.806,-0.41,16.1,85.799
TOI-561 c,TOI-561,2020,Transit,2.865,5.93,Mass,10.778838,802,67.5,0.0889,5342,0.843,0.806,-0.41,16.1,85.799
TOI-561 d,TOI-561,2020,Transit,2.615,13.33,Mass,25.71268,600,21.2,0.1587,5342,0.843,0.806,-0.41,16.1,85.799
TOI-561 e,TOI-561,2020,Transit,2.517,12.4,Mass,77.144,416,4.89,0.33,5342,0.843,0.806,-0.41,16.1,85.799
TOI-5616 b,TOI-5616,2024,Transit,10.78,624,Mass,2.002849,939,137,0.0272,3996,0.646,0.666,0.14,7.2,390.415
TOI-5624 b,TOI-5624,2026,Transit,2.314,9.4,Mass,3.3903473,1136,251.103,0.04201,5327,0.82,0.858,-0.023,5.7,101.913
TOI-5624 c,TOI-5624,2026,Transit,2.474,4.8,Mass,7.885385,857,96.429,0.07374,5327,0.82,0.858,-0.023,5.7,101.913
TOI-5624 d,TOI-5624,2026,Transit,3.584,4.9,Mass,13.731468,712.6,157.055,0.1067,5327,0.82,0.858,-0.023,5.7,101.913
TOI-5624 e,TOI-5624,2026,Transit,3.247,8.9,Mass,21.489936,613.8,21.9904,0.1439,5327,0.82,0.858,-0.023,5.7,101.913
TOI-5628 A b,TOI-5628 A,2026,Transit,8.29464572,28.60455663,Mass,4.3416612,492,45.5107,0.0368,3310,0.35,0.36,-0.1,,110.03
TOI-5634 A b,TOI-5634 A,2024,Transit,10.42,588,Mass,2.2035373,837,77,0.0272,3896,0.54,0.556,-0.27,7.4,306.144
TOI-564 b,TOI-564,2020,Transit,11.43318,464.98529,Mass,1.651144,1714,1423,0.02734,5640,1.088,0.998,0.143,7.3,199.581
TOI-5678 b,TOI-5678,2023,Transit,4.91,20,Mass,47.73022,513,3.8369,0.249,5485,0.938,0.905,0,8.5,165.393
TOI-5688 A b,TOI-5688 A,2024,Transit,10.3,124,Mass,2.94815527,742,50.3,0.03379,3713,0.57,0.6,0.47,7.2,226.318
TOI-5720 b,TOI-5720,2024,Transit,1.09,4.3,Mass,1.4344555,708,41.7,0.018288,3325,0.383,0.383,0.03,5,35.8256
TOI-5734 b,TOI-5734,2026,Transit,2.1,9.1,Mass,6.1841876,688,56.3778,0.05921,4750,0.639,0.724,-0.13,0.5,32.5102
TOI-5786 b,TOI-5786,2025,Transit,8.54,73,Mass,12.779107,1040,374.462,0.114,6235,1.36,1.23,0.08,2.5,192.475
TOI-5788 b,TOI-5788,2026,Transit,1.528,3.72,Mass,6.340758,910,175.1,0.064,5615,0.87,0.87,-0.32,5.72,97.614
TOI-5788 c,TOI-5788,2026,Transit,2.272,6.4,Mass,16.213362,667,49.8,0.1197,5615,0.87,0.87,-0.32,5.72,97.614
TOI-5789 c,TOI-5789,2026,Transit,2.86,5,Mass,12.927748,718,8.7194,0.1009,5185,0.833,0.821,-0.12,9.4,20.4581
TOI-5795 b,TOI-5795,2025,Transit,5.62,23.66,Mass,6.1406325,1136.78,240.6761,0.064,5715,1.082,0.901,-0.27,10.2,156.53
TOI-5800 b,TOI-5800,2025,Transit,2.46,9.5,Mass,2.6278838,1108,274.163,0.0344,4850,0.773,0.778,-0.04,8.1,42.9052
TOI-5806 b,TOI-5806,2026,Transit,15.13212395,721.4704839,Mass,3.1856381,1621,1660,0.0484,6730,1.387,1.333,-0.019,,119.199
TOI-5811 B b,TOI-5811 B,2026,Transit,21.96960217,257.4410097,Mass,6.25663,1530,1320,0.0731,4840,3.73,1.08,-0.06,,170.135
TOI-5817 b,TOI-5817,2025,Transit,3.08,10.3,Mass,15.61031,950,126.8632,0.1223,5770,1.427,0.97,-0.24,9.7,80.7542
TOI-5882 b,TOI-5882,2025,Transit,11.46678726,6995.403238,Mass,7.148972,1515,4792.5,0.0804,5920,2.26,1.334,0.18,4.11,416.104
TOI-5916 b,TOI-5916,2026,Transit,11.8,219,Mass,2.36712341,716,43.8,0.02789,3541,0.487,0.518,0.04,5,199.724
TOI-6008 b,TOI-6008,2024,Transit,1.03,4,Mass,0.8574347,707,41.5,0.010777,3075,0.242,0.23,0.3,3,23.1008
TOI-6016 b,TOI-6016,2024,Transit,13.67495645,371.8592362,Mass,4.023687,1890,940,0.055,6110,1.51,1.31,0.28,0.3,364.715
TOI-6019 b,TOI-6019,2026,Transit,12.3,149,Mass,14.547952,1095,249.6501,0.1212,5561,2.02,1.13,0.04,6.4,260.342
TOI-6029 b,TOI-6029,2024,Transit,14.39233122,519.6494454,Mass,5.7987,1484,806.794,,6223,2.338,1.548,0.37,2.31,603.119
TOI-603 b,TOI-603,2026,Transit,7.37,33,Mass,16.179846,899,157,0.1282,6027,1.477,1.24,0.183,,205.924
TOI-6034 b,TOI-6034,2024,Transit,11.92,254,Mass,2.576184,714,43,0.02949,3635,0.489,0.514,-0.09,7.8,117.992
TOI-6038 A b,TOI-6038 A,2025,Transit,6.41,78.5,Mass,5.8267311,1439,716,0.069,6110,1.648,1.291,0.124,3.65,179.147
TOI-6041 b,TOI-6041,2025,Transit,4.55,28.9,Mass,26.04945,605.6,22.4,0.1651,5445,0.879,0.885,0.104,7.9,72.4731
TOI-6054.01,TOI-6054,2024,Transit,2.64,12.5,Mass,7.501428,1360,570,0.0763,6047,1.662,1.107,-0.07,6,79.407
TOI-6054.02,TOI-6054,2024,Transit,2.82,9.3,Mass,12.563636,1143,285,0.1079,6047,1.662,1.107,-0.07,6,79.407
TOI-6130 b,TOI-6130,2024,Transit,14.3474953,333.7198274,Mass,2.392679,1750,1150,0.036,6110,1.51,1.31,0.28,0.3,220.882
TOI-615 b,TOI-615,2023,Transit,18.97680433,138.255357,Mass,4.6615983,1666,1286,0.0678,6850,1.732,1.449,-0.1,1.7,360.408
TOI-6158 b,TOI-6158,2026,Transit,10.4,135,Mass,3.0446899,636,27.3,0.03275,3467,0.476,0.503,0.11,,180.96
TOI-622 b,TOI-622,2023,Transit,9.2362001,96.30200732,Mass,6.402513,1388,602,0.0708,6400,1.415,1.313,0.09,0.9,123.297
TOI-6255 b,TOI-6255,2024,Transit,1.079,1.44,Mass,0.23818244,1256.46,588.9944,,3421,0.37,0.353,-0.14,,20.3167
TOI-628 b,TOI-628,2021,Transit,11.88154,2011.8639,Mass,3.4095675,1586,1052.9,0.0486,6250,1.345,1.311,0.258,1.28,178.68
TOI-6303 b,TOI-6303,2025,Transit,11.59,2493,Mass,9.485236,541,14.28,0.0761,3977,0.609,0.644,0.44,6.4,152.219
TOI-6324 b,TOI-6324,2025,Transit,1.059,1.17,Mass,0.279221,1216,284.211,,3247,0.293,0.269,-0.32,,20.5488
TOI-6330 b,TOI-6330,2025,Transit,10.89,3179,Mass,6.8500246,495,9.97,0.05763,3539,0.49,0.531,0.08,7.6,139.042
TOI-640 b,TOI-640,2021,Transit,19.2794468,181.162192,Mass,5.003777,1816,1150.12,0.06608,6460,2.082,1.536,0.072,1.99,341.997
TOI-6420 b,TOI-6420,2025,Transit,11.93756445,2606.192937,Mass,6.961508,1213,106.619,0.0753,6020,1.312,1.165,0.24,4.4,634.712
TOI-654.01,TOI-654,2024,Transit,2.378,8.71,Mass,1.527561,794,65,0.01944,3521,0.43,0.419,0.12,,57.7553
TOI-6564 b,TOI-6564,2026,Transit,16.39873876,222.1620565,Mass,3.985413,1445,1257.4271,0.0542,5943,1.7,1.18,0.19,4,191.372
TOI-6628 b,TOI-6628,2025,Transit,10.98480109,235.1930212,Mass,18.18424,833,20.0861,0.134,5463,1.01,0.97,0.36,7.5,320.527
TOI-663 b,TOI-663,2024,Transit,2.27,4.45,Mass,2.598902,674,49.1,0.0295,3681,0.512,0.514,0.07,,64.2308
TOI-663 c,TOI-663,2024,Transit,2.26,3.65,Mass,4.6955507,553,22.3,0.0437,3681,0.512,0.514,0.07,,64.2308
TOI-663 d,TOI-663,2024,Transit,1.92,5.2,Mass,7.1027268,482,12.9,0.0576,3681,0.512,0.514,0.07,,64.2308
TOI-6651 b,TOI-6651,2024,Transit,5.09,61,Mass,5.056973,1493,817,0.0633,5940,1.721,1.323,0.225,3.71,212.128
TOI-669 b,TOI-669,2023,Transit,2.58606487,10,Mass,3.945152,1124.85,388.2,0.048,5597,0.9882,0.9245,0.001,7.9,142.867
TOI-6692 b,TOI-6692,2026,Transit,11.67975789,197.0536123,Mass,131.125,467,182.3533,0.512,5890,1.385,1.047,-0.008,7.8,312.903
TOI-6695 b,TOI-6695,2025,Transit,9.52763359,66.74396547,Mass,80.389,599,85.9385,0.402,6400,1.517,1.338,0.2,2.1,282.536
TOI-672 b,TOI-672,2023,Transit,5.31,50.9,Mass,3.633581,699.5,39.8,0.0376,3810,0.54,0.54,-0.14,,66.9071
TOI-674 b,TOI-674,2021,Transit,5.25,23.6,Mass,1.977143,635,38.4,0.025,3514,0.42,0.42,0.17,,46.0851
TOI-677 b,TOI-677,2020,Transit,13.11450742,392.2002542,Mass,11.2365985,1252,37.6345,0.1041,6295,1.28,1.181,0,2.92,141.812
TOI-6884 b,TOI-6884,2026,Transit,10.39072511,8365.243672,Mass,4.808264,1652,1230,0.0629,6330,1.84,1.41,0.094,2.61,562.376
TOI-6894 b,TOI-6894,2025,Transit,9.5836785,53.39517238,Mass,3.37077196,417.9,5.54,0.02604,3007,0.2276,0.207,0.142,,73.8131
TOI-7041 b,TOI-7041,2025,Transit,11.43316031,114.4182265,Mass,9.691,882.37,143.259,,4700,4.1,1.07,0.25,10.3,439.52
TOI-7149 b,TOI-7149,2025,Transit,13.2,224,Mass,2.65206166,593,20.6,0.02603,3363,0.351,0.344,-0.08,7.8,126.126
TOI-7169 b,TOI-7169,2026,Transit,16.53324653,130.3096469,Mass,3.4373125,1631,1169,0.0428,5714,1.5,0.885,-0.72,12.3,467.151
TOI-7189 b,TOI-7189,2026,Transit,10.9,159.04,Mass,2.89055,738,49.3,0.03294,3775,0.591,0.612,0.47,,192.09
TOI-7265 B b,TOI-7265 B,2026,Transit,10.7,224.95,Mass,4.17232,571,17.7,0.04007,3503,0.497,0.521,0.35,,143.97
TOI-733 b,TOI-733,2023,Transit,1.992,5.72,Mass,4.884765,1055.8,207.1,0.0618,5585,0.949,0.956,-0.04,4.4,75.2092
TOI-7393 b,TOI-7393,2026,Transit,11.3,194.78,Mass,3.33708,747,51.8,0.03664,3927,0.582,0.6,-0.35,,189.038
TOI-7394 B b,TOI-7394 B,2026,Transit,11.5,668.74,Mass,1.252995,986,156.7,0.01913,3717,0.609,0.624,0.5,,189.986
TOI-7510 b,TOI-7510,2025,Transit,7.31,18.1,Mass,11.530869,878,1678.5119,0.1019,5720,1.035,1.063,0.25,4.4,249.006
TOI-7510 c,TOI-7510,2025,Transit,10.81,131,Mass,22.5687423,702,92.4087,0.1595,5720,1.035,1.063,0.25,4.4,249.006
TOI-7510 d,TOI-7510,2025,Transit,10.52,190,Mass,48.864468,542.4,20.6036,0.2672,5720,1.035,1.063,0.25,4.4,249.006
TOI-756 b,TOI-756,2025,Transit,2.81,9.83,Mass,1.2392495,934,127,0.018,3657,0.505,0.505,0.196,3.2,86.1759
TOI-757 b,TOI-757,2024,Transit,2.5,10.5,Mass,17.46819,641,24.3644,0.122,5278,0.78,0.8,-0.27,7.5,60.3418
TOI-762 A b,TOI-762 A,2024,Transit,8.33948164,79.77493016,Mass,3.4716826,555.4,17.0012,0.03418,3266,0.425,0.442,0.357,9.3,98.4458
TOI-763 b,TOI-763,2020,Transit,2.28,9.79,Mass,5.6057,1038,182.935,0.06,5450,0.897,0.917,0.01,,95.1274
TOI-763 c,TOI-763,2020,Transit,2.63,9.32,Mass,12.2737,800,64.3196,0.1011,5450,0.897,0.917,0.01,,95.1274
TOI-771 b,TOI-771,2024,Transit,1.36,2.47,Mass,2.3260155,543,14,0.0208,3370,0.232,0.22,-0.13,6.7,25.2788
TOI-776 b,TOI-776,2020,Transit,1.798,5,Mass,8.24662,520,11.5,0.0653,3725,0.547,0.542,-0.21,6.1,27.1701
TOI-776 c,TOI-776,2020,Transit,2.047,6.9,Mass,15.665323,420,4.9,0.1001,3725,0.547,0.542,-0.21,6.1,27.1701
TOI-778 b,TOI-778,2023,Transit,15.4,878,Mass,4.633611,1561,734.672,0.06,6643,1.71,1.4,0,1.95,161.743
TOI-782 b,TOI-782,2024,Transit,2.734,19.1,Mass,8.0240015,435,5.91,0.0578,3370,0.413,0.397,0.34,,52.5122
TOI-784 b,HD 307842,2023,Transit,1.93,9.67,Mass,2.7970365,1256,413.894,0.038,5558,0.907,0.91,-0.13,,64.5997
TOI-791 b,TOI-791,2026,Transit,11.13051784,9.5,Mass,139.29931,434.3,8.47,0.602,6294,1.474,1.28,-0.14,,341.221
TOI-791 c,TOI-791,2026,Transit,12.94637271,18.6,Mass,232.0157,362.8,4.12,0.863,6294,1.474,1.28,-0.14,,341.221
TOI-815 b,TOI-815,2024,Transit,2.94,7.6,Mass,11.197259,686,36.9,0.0903,4869,0.77,0.776,-0.09,0.2,59.7117
TOI-815 c,TOI-815,2024,Transit,2.62,23.5,Mass,34.976145,469,8.03,0.193,4869,0.77,0.776,-0.09,0.2,59.7117
TOI-824 b,TOI-824,2020,Transit,2.926,18.467,Mass,1.392978,1253,412,0.02177,4600,0.695,0.71,-0.092,7.5,63.9262
TOI-836 b,TOI-836,2023,Transit,1.704,4.53,Mass,3.81673,871,78.838,0.0422,4552,0.665,0.678,-0.284,5.4,27.5024
TOI-836.01,TOI-836,2021,Transit,2.587,9.6,Mass,8.59545,665,26.707,0.075,4552,0.665,0.678,-0.284,5.4,27.5024
TOI-837 b,TOI-837,2020,Transit,9.16894621,120.4569662,Mass,8.3249113,995.3,164,0.0888,5995,1.052,1.142,0.01,0.035,142.488
TOI-849 b,TOI-849,2020,Transit,3.64,41.8,Mass,0.765548,1932,2314.06,0.0155,5257,0.97,0.97,0.19,6.7,225.734
TOI-858 B b,TOI-858 B,2023,Transit,14.06727078,349.6112477,Mass,3.2797178,1529,908.9,0.04435,5842,1.308,1.081,0.153,6.8,250.489
TOI-892 b,TOI-892,2020,Transit,11.99363,301.9385,Mass,10.62656,1397,571.007,0.092,6261,1.39,1.28,0.24,2.2,340.543
TOI-905 b,TOI-905,2020,Transit,13.125739,211.99261,Mass,3.739494,1192,337,0.04666,5570,0.918,0.968,0.14,3.4,158.649
TOI-908 b,TOI-908,2023,Transit,3.186,16.137,Mass,3.183792,1317,80.884,0.041657,5626,1.028,0.95,0.08,4.6,175.748
TOI-912 b,TOI-912,2025,Transit,1.93,5.1,Mass,4.6780691,551,15,0.041,3572,0.419,0.418,-0.19,0.8,26.1072
TOI-942 b,TOI-942,2020,Transit,3.89,826.358,Mass,4.32421,1120,261.858,0.04866,4969,0.894,0.822,-0.221,0.053,152.601
TOI-942 c,TOI-942,2020,Transit,4.67,37,Mass,10.156272,772.63,59.2488,0.08598,4969,0.894,0.822,-0.221,0.053,152.601
TOI-954 b,TOI-954,2020,Transit,9.550068,55.30242,Mass,3.6849729,1526,1393,0.04963,5710,1.892,1.201,0.215,6.14,238.768
TOI-969 b,TOI-969,2022,Transit,2.765,9.1,Mass,1.8237305,941,188,0.02636,4435,0.671,0.734,0.175,2.03,77.2554
TRAPPIST-1 b,TRAPPIST-1,2016,Transit,1.116,1.374,Mass,1.510826,397.6,4.153,0.01154,2566,0.1192,0.0898,0.052,7.6,12.42988881
TRAPPIST-1 c,TRAPPIST-1,2016,Transit,1.097,1.308,Mass,2.421937,339.7,2.214,0.0158,2566,0.1192,0.0898,0.052,7.6,12.42988881
TRAPPIST-1 d,TRAPPIST-1,2016,Transit,0.788,0.388,Mass,4.049219,286.2,1.115,0.02227,2566,0.1192,0.0898,0.052,7.6,12.42988881
TRAPPIST-1 e,TRAPPIST-1,2017,Transit,0.92,0.692,Mass,6.101013,249.7,0.646,0.02925,2566,0.1192,0.0898,0.052,7.6,12.42988881
TRAPPIST-1 f,TRAPPIST-1,2017,Transit,1.045,1.039,Mass,9.20754,217.7,0.373,0.03849,2566,0.1192,0.0898,0.052,7.6,12.42988881
TRAPPIST-1 g,TRAPPIST-1,2017,Transit,1.129,1.321,Mass,12.352446,197.3,0.252,0.04683,2566,0.1192,0.0898,0.052,7.6,12.42988881
TRAPPIST-1 h,TRAPPIST-1,2017,Transit,0.755,0.326,Mass,18.772866,171.7,0.144,0.06189,2566,0.1192,0.0898,0.052,7.6,12.42988881
TrES-1 b,TrES-1,2004,Transit,12.66617,266.9772,Mass,3.03007,1140,318.4582,0.03925,5230,0.85,1.04,0.02,3.7,159.658
TrES-2 b,TrES-2,2006,Transit,15.24424,473.5667,Mass,2.47063,1466,903.864,0.03568,5850,1.12,1.36,-0.15,3.55,215.32
TrES-3 b,TrES-3,2007,Transit,14.975,607.03,Mass,1.30618581,1638,1025.5022,0.02282,5650,0.829,0.928,-0.19,0.9,231.337
TrES-4 b,TrES-4,2007,Transit,18.04649,247.9074,Mass,3.55395,1778,2276.295,0.05084,6200,1.66,1.08,0.14,2.2,515.98
TrES-5 b,TrES-5,2011,Transit,13.383546,568.9157,Mass,1.48224686,1480,442.993,0.02459,5171,0.868,0.901,0.2,7.4,360.313
V1298 Tau b,V1298 Tau,2019,Transit,9.41,13.1,Mass,24.140006,666,33.2,0.1685,4970,1.32,1.1,0.1,0.02,108.199
V1298 Tau c,V1298 Tau,2019,Transit,5.08,4.7,Mass,8.249164,953,146,0.0824,4970,1.32,1.1,0.1,0.02,108.199
V1298 Tau d,V1298 Tau,2019,Transit,6.53,6,Mass,12.401394,831,85,0.1081,4970,1.32,1.1,0.1,0.02,108.199
V1298 Tau e,V1298 Tau,2019,Transit,10.17,15.3,Mass,48.677714,527,10,0.2689,4970,1.32,1.1,0.1,0.02,108.199
WASP-1 b,WASP-1,2007,Transit,16.623,271.415,Mass,2.5199454,1812,2121.5175,0.03889,6110,1.47,1.24,0.17,3.4,393.072
WASP-10 b,WASP-10,2008,Transit,12.106,1001.12,Mass,3.0927616,1370,174.0323,0.03781,4675,0.698,0.75,0.03,7,140.998
WASP-100 b,WASP-100,2014,Transit,14.90797,400.4658,Mass,2.84938,2099,5502.8822,0.04574,6900,1.57,0.77,-0.03,1.57,364.411
WASP-101 b,WASP-101,2014,Transit,16.02887,162.0933,Mass,3.58572,1560,1089.171,0.05057,6380,1.31,1.41,0.2,1.14,201.224
WASP-102 b,WASP-102,2025,Transit,14.90794433,197.6892692,Mass,2.709813,1671,1293,0.041,5990,1.375,1.08,-0.2,0.67,535.689
WASP-103 b,WASP-103,2014,Transit,17.127,473.547,Mass,0.925542,2508,6568.6932,0.01985,6110,1.436,1.22,0.06,4,375.647
WASP-104 b,WASP-104,2014,Transit,12.745,404.263,Mass,1.7554137,1516,867.7365,0.02918,5475,0.963,1.076,0.32,3,185.932
WASP-105 b,WASP-105,2017,Transit,10.76064,572.094,Mass,7.87288,900,166.5368,0.075,5070,0.9,0.89,0.28,,169.272
WASP-106 b,WASP-106,2014,Transit,12.10569916,613.4088255,Mass,9.28969,1140,327.8307,0.0901,6002,1.47,1.175,-0.02,2.5,352.181
WASP-107 b,WASP-107,2017,Transit,10.48039695,33.02237149,Mass,5.7214875,736,51,0.055,4425,0.657,0.683,0.02,3.4,64.7414
WASP-108 b,WASP-108,2020,Transit,15.13212395,283.502939,Mass,2.675552124,1589,1360.1641,,6783,1.34415,1.167,0.1478,4.64,258.777
WASP-11 b,WASP-11,2008,Transit,12.44199,251.0857,Mass,3.72247,992,184.988,0.0435,4800,0.89,1.42,0,7.6,124.73
WASP-110 b,WASP-110,2021,Transit,13.19297028,154.7824342,Mass,3.7784022,1158,279,,5392,0.853,0.814,-0.15,11,274.96
WASP-113 b,WASP-113,2016,Transit,15.793481,150.96925,Mass,4.542168745,1496,821.405,0.05885,5890,1.608,1.318,0.1,6.2,435.156
WASP-114 b,WASP-114,2016,Transit,15.008851,562.24127,Mass,1.5487743,2043,2978.2048,0.02851,5940,1.43,1.289,0.14,4.3,523.337
WASP-116 b,WASP-116,2025,Transit,13.67495645,203.4101805,Mass,6.6132,1414,663,0.065,6250,1.426,1.25,0,1.7,559.243
WASP-117 b,WASP-117,2014,Transit,11.88154,95.349,Mass,10.02165,1001,706.3929,0.09459,6040,1.22,1.29,-0.11,4.6,157.963
WASP-118 b,WASP-118,2016,Transit,16.14096,163.36462,Mass,4.0460435,1729,6586.47,0.05453,6410,1.696,1.32,0.16,1.17,376.658
WASP-119 b,WASP-119,2016,Transit,15.6926,390.9309,Mass,2.49979,1600,907.8624,0.0363,5650,1.2,1.02,0.14,8,302.448
WASP-12 b,WASP-12,2008,Transit,22.02564708,467.2101,Mass,1.091418901,2601,8220.584,0.0234,6265,1.69,1.325,0.12,3.05,427.246
WASP-120 b,WASP-120,2016,Transit,15.58048317,1541.4755,Mass,3.61126721,1749,1818.5489,0.0514,6450,1.68443,1.393,-0.05,0.7,381.174
WASP-121 b,WASP-121,2016,Transit,19.52604438,371.8592362,Mass,1.27492504,2409,6216.41,0.02571,6628,1.461,1.33,0.17,1.11,269.898
WASP-123 b,WASP-123,2016,Transit,15.13212395,285.72917,Mass,2.97764359,1500,758.324,0.04263,5740,1.285,1.166,0.18,6.9,197.996
WASP-124 b,WASP-124,2016,Transit,13.89916,190.698,Mass,3.37265,1400,748,0.0449,6050,1.02,1.07,-0.02,2.1,448.637
WASP-126 b,WASP-126,2016,Transit,10.51358773,90.3,Mass,3.28883,1480,759.3374,0.0449,5800,1.27,1.12,0.2068,6.4,216.526
WASP-127 b,WASP-127,2016,Transit,14.694999,52.346601,Mass,4.17806203,1400,703.971,0.0484,5620,1.333,0.95,-0.193,11.41,159.507
WASP-129 b,WASP-129,2016,Transit,10.42437,317.83,Mass,5.748145,1100,345.7201,0.0628,5900,0.9,1,0.15,1,301.462
WASP-13 b,WASP-13,2009,Transit,13.67498,114.4188,Mass,4.35301,1531,617.309,0.05362,5950,1.37,0.72,0,5,227.537
WASP-130 b,WASP-130,2016,Transit,9.97601,390.9309,Mass,11.55098,833,56.355,0.1012,5625,0.96,1.04,0.26,2,172.256
WASP-131 b,WASP-131,2016,Transit,13.74221034,86.76715511,Mass,5.3220125,1460,995.3724,0.0608,5990,1.561,1.06,-0.2,7,200.075
WASP-132 b,WASP-132,2016,Transit,10.09929161,136.0305582,Mass,7.1335164,682,58.5,0.0674,4686,0.758,0.789,0.15,7.2,122.91
WASP-132 c,WASP-132,2022,Transit,1.841,6.26,Mass,1.01153624,1329,791,0.01833,4686,0.758,0.789,0.15,7.2,122.91
WASP-133 b,WASP-133,2016,Transit,13.56289,368.6828,Mass,2.176423,1790,2054.7956,0.0345,5700,1.44,1.16,0.29,6.8,559.084
WASP-135 b,WASP-135,2015,Transit,14.5717,603.877,Mass,1.4013794,1403.66,917.4101,0.0243,5675,0.96,0.98,0.02,0.6,298.214
WASP-136 b,WASP-136,2016,Transit,16.81347105,479.9208946,Mass,5.215361788,1630,1843.4633,0.0661,6250,2.39014,1.41,-0.18,3.62,275.587
WASP-138 b,WASP-138,2016,Transit,12.21781,387.7526,Mass,3.634433,1590,1133.73,0.0494,6272,1.36,1.22,-0.09,3.44,414.234
WASP-139 b,WASP-139,2016,Transit,8.9672,37.18611,Mass,5.924262,910,120.7076,0.062,5310,0.8,0.92,0.2,0.5,212.472
WASP-14 b,WASP-14,2008,Transit,15.46842,2809.6172,Mass,2.24375,1872,1356.33,0.037,6475,1.4,1.62,0,0.75,161.997
WASP-140 b,WASP-140,2016,Transit,14.23540549,775.5052,Mass,2.23598448,1270,491.326,0.0323,5300,0.87,0.9,0.12,0.5,117.598
WASP-141 b,WASP-141,2016,Transit,13.56289,854.9627,Mass,3.310651,1540,1061.5542,0.0469,5900,1.37,1.25,0.29,5,516.543
WASP-142 b,WASP-142,2016,Transit,17.14977,266.9772,Mass,2.052868,2000,3140.9238,0.0347,6010,1.64,1.33,0.26,2,730.933
WASP-144 b,WASP-144,2018,Transit,9.52765,139.8452,Mass,2.2783152,1260,775.8849,0.0316,5200,0.81,0.81,0.18,8.71,355.513
WASP-145 A b,WASP-145 A,2018,Transit,10.0881,282.8687,Mass,1.7690381,1200,313.4012,0.0261,4900,0.68,0.76,-0.04,6.99,91.299
WASP-147 b,WASP-147,2018,Transit,12.498035,87.40325,Mass,4.60273,1404,639.4923,0.0549,5702,1.429,1.044,0.092,8.47,436.098
WASP-148 b,WASP-148,2020,Transit,8.47398941,91.21675281,Mass,8.803809,940,72.699,0.08215,5555,0.912,0.954,0.099,3.6,246.353
WASP-149 b,WASP-149,2025,Transit,15.24421375,314.9679513,Mass,1.332813,1855,1966,0.024,5750,1.08,1.05,0,0.6,211.73
WASP-15 b,WASP-15,2009,Transit,15.80469,171.6282,Mass,3.7521,1676,1237.7366,0.05165,6300,1.48,1.18,-0.17,2.4,282.091
WASP-150 b,WASP-150,2020,Transit,11.99363,2688.8418,Mass,5.644207,1460,854.7074,0.0694,6218,1.651,1.394,0.156,2.95,527.995
WASP-151 b,WASP-151,2017,Transit,13.30506009,100.4337766,Mass,4.5334775,1312,460,0.055,5871,1.181,1.081,0.1,5.5,453.099
WASP-153 b,WASP-153,2017,Transit,17.37395,123.9537,Mass,3.332609,1700,1400,0.048,5914,1.73,1.336,0.34,4,610.176
WASP-154 b,WASP-154,2025,Transit,10.76062147,198.9605828,Mass,3.811678,994,162,0.044,4774,0.823,0.8,0.2,,215.501
WASP-155 b,WASP-155,2025,Transit,13.45077684,276.8285425,Mass,3.110413,1468,771,0.043,5660,1.24,1.09,0,1.7,399.63
WASP-156 b,WASP-156,2017,Transit,6.15,42,Mass,3.8361629,934.5,150,0.046,5036,0.8268,0.8712,0.32,5.6,122.066
WASP-157 b,WASP-157,2016,Transit,11.19,182.43442,Mass,3.951623,1193,482.1005,0.0499,5772,1.1,1.06,0.25,1.6,334.037
WASP-158 b,WASP-158,2018,Transit,11.99363,886.7457,Mass,3.656333,1590,903.013,0.0517,6350,1.39,1.38,0.24,1.93,524.993
WASP-159 b,WASP-159,2018,Transit,15.46842,174.8065,Mass,3.840401,1850,1599.92,0.0538,6120,2.11,1.41,0.22,3.4,715.383
WASP-16 b,WASP-16,2009,Transit,13.67498,394.1092,Mass,3.1186,1389,481.917,0.0415,5700,1.14,1.78,0.01,8.6,194.134
WASP-160 B b,WASP-160 B,2018,Transit,12.21781,88.35674,Mass,3.7684952,1119,210.575,0.0452,5298,0.868,0.87,0.27,9.75,288.326
WASP-161 b,WASP-161,2018,Transit,12.811887,791.3967,Mass,5.4060425,1557,990,0.0673,6400,1.712,1.39,0.16,,343.08
WASP-162 b,WASP-162,2018,Transit,11.209,1652.716,Mass,9.62468,910,121.918,0.0871,5300,1.11,0.95,0.28,12.97,310.841
WASP-163 b,WASP-163,2018,Transit,13.473218,594.3421,Mass,1.6096884,1638,1200,0.0266,5500,1.015,0.97,-0.34,,261.386
WASP-164 b,WASP-164,2018,Transit,12.643752,676.9779,Mass,1.7771255,1610,1043.2122,0.02818,5806,0.932,0.946,-0.01,4.08,327.506
WASP-165 b,WASP-165,2018,Transit,14.12334,209.13214,Mass,3.465509,1624,1373.5324,0.04823,5599,1.75,1.248,0.33,4.77,602.236
WASP-166 b,WASP-166,2019,Transit,7.06167,32.10083,Mass,5.44354,1270,440,0.0641,6050,1.22,1.19,0.19,2.1,114.173
WASP-167 b,WASP-167,2017,Transit,17.71022,2542.64,Mass,2.0219596,2329,3208.41,0.0365,7000,1.79,1.59,0.1,1.29,423.552
WASP-168 b,WASP-168,2018,Transit,16.8135,133.4886,Mass,4.153658,1340,278.886,0.0519,6000,1.12,1.08,-0.01,3.96,303.941
WASP-169 b,WASP-169,2019,Transit,14.616536,178.30263,Mass,5.6114118,1604,1486.8579,0.0681,6110,2.011,1.337,0.06,3.802,627.066
WASP-17 b,WASP-17,2009,Transit,20.96083,247.9074,Mass,3.73543,1755,1292.19,0.0515,6550,1.49,2.28,-0.25,2.65,405.908
WASP-170 b,WASP-170,2018,Transit,12.285064,508.528,Mass,2.34478022,1422,680,0.0337,5600,0.938,0.93,0.22,,305.603
WASP-171 b,WASP-171,2019,Transit,10.98482,344.52772,Mass,3.8186244,1642,1200.24,0.0504,5965,1.637,1.171,0.04,5.908,757.84
WASP-172 b,WASP-172,2018,Transit,17.59813,149.3801,Mass,5.477433,1740,1506.5,0.0694,6900,1.91,1.49,-0.1,1.79,538.11
WASP-173 A b,WASP-173 A,2018,Transit,13.4508,1172.7927,Mass,1.38665318,1880,1920,0.0248,5800,1.11,1.05,0.16,6.78,232.98
WASP-174 b,WASP-174,2018,Transit,16.10730527,104.8833743,Mass,4.2337005,1528,901.9,0.05503,6399,1.347,1.24,0.06,2.2,410.149
WASP-175 b,WASP-175,2019,Transit,13.540472,314.6517,Mass,3.0652907,1571,649.429,0.04403,6229,1.204,1.212,0.15,1.745,539.36
WASP-176 b,WASP-176,2020,Transit,16.869545,271.74465,Mass,3.899052,1721,1703.2413,0.0535,5941,1.925,1.345,0.164,4.81,568.42
WASP-177 b,WASP-177,2019,Transit,17.71022,161.45764,Mass,3.071722,1142,279.7736,0.03957,5017,0.885,0.876,0.25,9.7,176.818
WASP-178 b,WASP-178,2019,Transit,20.28829,527.5978,Mass,3.3448285,2470,5550,0.0558,9360,1.67,2.07,0.21,0.43,427.678
WASP-18 b,WASP-18,2009,Transit,13.89913607,3241.849751,Mass,0.94145223,2429,5805,0.02024,6432,1.319,1.294,0.107,1.57,123.483
WASP-180 A b,WASP-180 A,2019,Transit,13.89916,286.047,Mass,3.409264,1540,918.3877,0.048,6600,1.19,1.3,0.1,1.2,253.985
WASP-181 b,WASP-181,2019,Transit,13.271456,95.03117,Mass,4.5195064,1186,382.4492,0.05427,5839,0.965,1.04,0.09,2.5,437.495
WASP-182 b,WASP-182,2019,Transit,9.52765,47.03884,Mass,3.3769848,1479,756.261,0.0451,5638,1.34,1.076,0.27,5.952,327.602
WASP-183 b,WASP-183,2019,Transit,16.47723,159.55066,Mass,4.1117771,1111,268.7176,0.04632,5313,0.871,0.784,-0.31,14.9,325.377
WASP-184 b,WASP-184,2019,Transit,14.90797,181.1631,Mass,5.1817,1480,669.018,0.0627,6000,1.65,1.23,0.12,4.7,663.231
WASP-185 b,WASP-185,2019,Transit,14.01125,311.4734,Mass,9.38755,1160,662.3252,0.0904,5900,1.5,1.12,-0.02,6.6,279.35
WASP-186 b,WASP-186,2020,Transit,12.44199,1341.2426,Mass,5.026799,1378.4,853.1355,0.06,6361,1.47,1.22,-0.08,3.1,278.514
WASP-187 b,WASP-187,2020,Transit,18.38276,254.264,Mass,5.147878,1760,1594.76,0.0653,6150,2.83,1.54,0,2.55,371.414
WASP-188 b,WASP-188,2025,Transit,14.81827249,458.6263913,Mass,5.748916,1666,1278,0.072,6850,1.83,1.5,0,,675.281
WASP-189 b,WASP-189,2020,Transit,18.14733975,632.4785299,Mass,2.724033,3353,8083.7169,0.05053,8000,2.36,2.03,0.29,0.73,99.731
WASP-19 b,WASP-19,2009,Transit,15.86070769,366.7739817,Mass,0.78883852,2113,3320,0.01652,5616,1.006,0.965,0.04,6.4,268.325
WASP-190 b,WASP-190,2019,Transit,12.89035,317.83,Mass,5.367753,1500,747.132,0.0663,6400,1.6,1.35,-0.02,,542.251
WASP-192 b,WASP-192,2019,Transit,13.78707,731.009,Mass,2.8786765,1620,471.142,0.0408,5910,1.32,1.09,0.14,5.7,508.885
WASP-193 b,WASP-193,2023,Transit,14.78464554,35.59678158,Mass,6.2463475,1250,402,0.0668,6080,1.213,1.018,-0.108,6.8,362.087
WASP-194 b,WASP-194,2025,Transit,15.47960235,373.1305498,Mass,3.183387,1693,1365,0.047,6405,1.409,1.29,0,0.75,476.831
WASP-195 b,WASP-195,2025,Transit,10.31226224,33.05415433,Mass,5.051928,1522,890,0.063,6300,1.578,1.3,0,0.6,484.852
WASP-197 b,WASP-197,2025,Transit,14.44837612,403.3242485,Mass,5.167228,1665,1276,0.065,6050,2.112,1.36,0,2.6,483.675
WASP-2 b,WASP-2,2007,Transit,12.116929,295.89973,Mass,2.152175,1311,492,0.03144,5180,0.866,0.895,0.12,8.2,153.242
WASP-20 b,WASP-20,2015,Transit,15.46839337,98.841,Mass,4.89964477,1362,259.864,0.05999,5940,1.242,1.2,-0.008,7,211.877
WASP-21 b,WASP-21,2010,Transit,11.99,95.345,Mass,4.322482,1333,705.0438,0.052,5800,1.06,1.01,-0.22,12,258.426
WASP-22 b,WASP-22,2010,Transit,13.78707,212.9461,Mass,3.53269,1502,837.7034,0.047,6000,1.24,1.46,-0.05,3,317.652
WASP-23 b,WASP-23,2010,Transit,10.783,280.95,Mass,2.9444256,1076.55,317.4314,0.0376,5150,0.765,0.78,-0.05,6.2,207.49
WASP-24 b,WASP-24,2010,Transit,15.46842,394.1092,Mass,2.34121,1772,934.465,0.03651,6075,1.42,1.43,0,3.8,322.114
WASP-25 b,WASP-25,2010,Transit,13.80946422,179.2552215,Mass,3.7648337,1217,341,0.0473,5697,0.884,0.962,-0.2,1.9,211.416
WASP-26 b,WASP-26,2010,Transit,13.56289,270.1555,Mass,2.7566,1650,1225.5264,0.04,6034,1.22,0.86,0.16,6,252.759
WASP-28 b,WASP-28,2014,Transit,13.66374747,282.5494538,Mass,3.40883495,1456,695.65,0.0442,6084,1.083,0.993,-0.2,5.5,348.494
WASP-29 b,WASP-29,2010,Transit,8.63093,73.1009,Mass,3.92273,970,121.7724,0.0457,4800,0.79,0.77,0.11,14,87.5953
WASP-3 b,WASP-3,2007,Transit,15.91678,772.3269,Mass,1.84683,2020,1845.3,0.0315,6400,1.44,1.62,0,2.1,231.161
WASP-31 b,WASP-31,2010,Transit,17.363,151.916,Mass,3.4059096,1423.7,970.9417,0.04659,6302,1.252,1.163,-0.2,1,383.829
WASP-32 b,WASP-32,2010,Transit,10.76064,835.8929,Mass,2.71866,1388,616.33,0.0394,6140,0.95,0.72,-0.13,2.22,275.994
WASP-33 b,WASP-33,2010,Transit,17.855937,665.21819,Mass,1.21987,2781.7,9392.0471,0.0239,7430,1.444,1.495,0.1,,121.944
WASP-34 b,WASP-34,2010,Transit,11.209,177.9848,Mass,4.31768,1250,229.962,0.0524,5700,0.91,0.96,-0.02,7.8,132.096
WASP-35 b,WASP-35,2011,Transit,14.5717,225.6593,Mass,3.16158,1338.29,758.1026,0.04317,5990,1.08,1.05,-0.15,5,202.218
WASP-36 b,WASP-36,2011,Transit,14.874343,750.39663,Mass,1.53736596,1733,1422.6075,0.02677,5959,0.985,1.081,-0.26,1.4,386.346
WASP-37 b,WASP-37,2010,Transit,13.002,572.07,Mass,3.577469,1232.5,545.3338,0.0446,5800,1.003,0.925,-0.4,11,392.791
WASP-38 b,WASP-38,2010,Transit,13.78707,1093.3352,Mass,6.87188,1250,501.5014,0.07522,6180,1.52,1.76,-0.02,3.29,136.24
WASP-39 b,WASP-39,2011,Transit,14.336311,89.31023,Mass,4.0552941,1166,316.269,0.04828,5485,0.939,0.913,0.01,8.5,213.982
WASP-4 b,WASP-4,2007,Transit,15.12091496,381.3940884,Mass,1.338230994,1653,1188.6219,0.02261,5436,0.912,0.899,-0.05,7,267.206
WASP-41 b,WASP-41,2011,Transit,12.3299,270.1555,Mass,3.0524,1244,344.149,0.04022,5545,0.83,0.81,0.06,1.2,163.371
WASP-42 b,WASP-42,2012,Transit,12.576498,167.49641,Mass,4.9816819,1021,137.118,0.0561,5315,0.892,0.951,0.29,4.4,177.291
WASP-43 b,WASP-43,2011,Transit,10.424,565.714,Mass,0.813475,1426.7,680.8953,0.0142,4400,0.6,0.58,-0.05,7,86.7467
WASP-44 b,WASP-44,2011,Transit,12.3299,276.5121,Mass,2.423804,1337,533,0.03453,5420,0.906,0.935,-0.003,10.3,364.512
WASP-45 b,WASP-45,2011,Transit,10.603714,306.38812,Mass,3.126089,1153,294,0.03963,5150,0.855,0.85,-0.03,12.7,211.196
WASP-46 b,WASP-46,2011,Transit,13.159366,607.0553,Mass,1.43036763,1636,1281.2408,0.02335,5600,0.858,0.828,-0.3,9.6,375.31
WASP-47 b,WASP-47,2012,Transit,12.86,374,Mass,4.159151,1275,409,0.052,5565,1.156,1.058,0.43,6.5,264.78
WASP-47 d,WASP-47,2015,Transit,3.65,15.5,Mass,9.030501,885,145,0.085,5565,1.156,1.058,0.43,6.5,264.78
WASP-47 e,WASP-47,2015,Transit,1.83,9,Mass,0.78961,1992,3740,0.01673,5565,1.156,1.058,0.43,6.5,264.78
WASP-48 b,WASP-48,2011,Transit,16.8135,254.264,Mass,2.14363,2035,3410.2601,0.03444,5920,1.58,0.88,-0.12,7.9,454.144
WASP-49 b,WASP-49,2012,Transit,12.44199,117.5971,Mass,2.78174,1400,615.4709,0.0379,5600,0.97,0.92,-0.23,11.9,194.553
WASP-5 b,WASP-5,2008,Transit,12.184,502.15,Mass,1.6284279,1706,1559.4762,0.0267,5700,1.029,0.96,0.09,5.4,309.137
WASP-50 b,WASP-50,2011,Transit,13.069694,466.828704,Mass,1.9551,1394.84,690.3398,0.0293,5400,0.843,0.892,-0.12,7,184.848
WASP-52 b,WASP-52,2012,Transit,14.24,146.2,Mass,1.7497798,1315,605.7625,0.0272,5000,0.79,0.87,0.03,0.4,174.818
WASP-53 b,WASP-53,2017,Transit,12.038466,677.61356,Mass,3.3098443,1053,241.6656,0.04101,4953,0.798,0.839,0.22,,201.338
WASP-54 b,WASP-54,2012,Transit,17.71022,187.5197,Mass,3.69364,1759,1639.1072,0.04988,6100,1.76,1.08,-0.27,6.9,251.303
WASP-55 b,WASP-55,2012,Transit,14.72860064,186.2474465,Mass,4.465631,1342,504,0.0558,6096,1.09,1.071,-0.03,3.05,297.462
WASP-56 b,WASP-56,2012,Transit,10.53646,143.0235,Mass,4.6171,1216,447.82,0.05614,5600,0.96,0.71,0.12,6.2,321.084
WASP-57 b,WASP-57,2012,Transit,11.76945,204.68252,Mass,2.83891856,1338,702.385,0.03769,5600,0.927,0.886,-0.25,2.6,398.276
WASP-58 b,WASP-58,2012,Transit,16.02887,308.2951,Mass,5.01718,1270,404.7112,0.0562,5800,1.22,1.06,-0.45,12.8,290.404
WASP-59 b,WASP-59,2012,Transit,8.687,274.276,Mass,7.919585,670,38.0328,0.0697,4650,0.613,0.719,-0.15,0.5,115.936
WASP-6 b,WASP-6,2009,Transit,12.5428494,148.4258661,Mass,3.3610026,1167,288,0.04217,5438,0.79,0.854,-0.15,3.2,197.119
WASP-60 b,WASP-60,2012,Transit,9.86392,174.8065,Mass,4.305,1479,925.4935,0.05548,5900,1.17,1.19,-0.04,1.7,431.052
WASP-61 b,WASP-61,2012,Transit,15.80469,851.7844,Mass,3.8559,1624.4,1062.0298,0.0521,6250,1.55,1.82,-0.1,2.7,488.66
WASP-62 b,WASP-62,2012,Transit,14.79588,165.2716,Mass,4.41195,1475.3,1817.8874,0.0571,6230,1.23,1.11,0.04,2.6,175.631
WASP-63 b,WASP-63,2012,Transit,15.80469,117.5971,Mass,4.37808,1469.91,1103.2708,0.0574,5550,1.86,1.28,0.08,8.3,290.684
WASP-64 b,WASP-64,2012,Transit,14.247,403.945,Mass,1.5732918,1689,1563.6374,0.02648,5400,1.058,1.004,-0.08,1.2,369.926
WASP-65 b,WASP-65,2013,Transit,12.464,492.62,Mass,2.3114243,1480,957.0053,0.0334,5600,1.01,0.93,-0.07,8,273.703
WASP-66 b,WASP-66,2012,Transit,15.6926,746.9005,Mass,4.08605,1569.7,1434.7739,0.0546,6600,1.76,1.33,-0.31,3.7,500.258
WASP-67 b,WASP-67,2012,Transit,12.89035,136.6669,Mass,4.61442,1003,188.1062,0.05179,5200,0.88,0.91,-0.07,12.6,189.469
WASP-68 b,WASP-68,2014,Transit,14.79588,343.2564,Mass,5.0843,1490,843.4794,0.06206,5910,1.79,1.49,0.22,5.7,226.399
WASP-69 b,WASP-69,2014,Transit,11.21,82.58,Mass,3.86813881,971,180.5564,0.0453,4792,0.801,0.83,0.35,1.8,49.9605
WASP-7 b,WASP-7,2008,Transit,14.90797,305.1168,Mass,4.9546416,1487,2423.4747,0.0617,6400,1.432,1.276,0,2.4,162.303
WASP-70 A b,WASP-70 A,2014,Transit,13.047,187.512,Mass,3.7130203,1387,649.1548,0.04853,5763,1.215,1.106,-0.006,9.5,222.355
WASP-71 b,WASP-71,2012,Transit,13.22662,441.7837,Mass,2.90367,2016.1,3384.6097,0.046,6050,1.82,0.76,0.15,3,362.715
WASP-72 b,WASP-72,2012,Transit,14.45961,731.009,Mass,2.21673,2210,6233.7915,0.03711,6250,2.18,2.78,-0.06,3.2,434.754
WASP-73 b,WASP-73,2014,Transit,15.91678,908.9938,Mass,4.08722,1790,2242.3605,0.05512,6030,2.55,2.52,0.14,4.3,316.678
WASP-74 b,WASP-74,2015,Transit,15.24424,228.8376,Mass,2.13775,1865,531.159,0.03443,5990,1.42,0.98,0.39,3.49,149.216
WASP-75 b,WASP-75,2013,Transit,14.235,340.06,Mass,2.484193,1710,1657,0.0375,6100,1.26,1.14,0.07,3.5,294.001
WASP-76 b,WASP-76,2016,Transit,20.78145022,284.1385959,Mass,1.80988198,2228,4104,0.033,6329,1.756,1.458,0.366,1.816,194.459
WASP-77 A b,WASP-77 A,2012,Transit,13.56,529.311429,Mass,1.360029395,1674,1440,0.023233633,5617,0.91,0.903,-0.1,6.2,105.166
WASP-78 b,WASP-78,2012,Transit,21.63337,352.7913,Mass,2.17518,2469.7,4812.6238,0.03488,6100,2.46,1.87,-0.35,2.8,754.258
WASP-79 b,WASP-79,2012,Transit,17.14974047,270.1541459,Mass,3.662392,1716.2,1645.9887,0.0519,6600,1.51,1.39,0.03,1.4,246.69
WASP-8 b,WASP-8,2010,Transit,12.66617,807.2882,Mass,8.15872,1059,209.118,0.0801,5600,1.03,1.34,0.17,3,89.9606
WASP-80 b,WASP-80,2012,Transit,11.197791,170.99254,Mass,3.06785234,825,72.442,0.0344,4143,0.586,0.577,-0.13,7,49.7876
WASP-81 b,WASP-81,2017,Transit,16.017661,231.69807,Mass,2.7164762,1623,1034.0911,0.03908,5870,1.283,1.08,-0.36,,398.505
WASP-82 b,WASP-82,2015,Transit,18.15858,371.8611,Mass,2.70579,2190,3557.29,0.0447,6480,2.1,1.48,0.12,,275.664
WASP-83 b,WASP-83,2015,Transit,11.65736,95.349,Mass,4.971252,1120,238.875,0.059,5510,1.05,1.11,0.29,5,271.103
WASP-84 b,WASP-84,2014,Transit,10.72,220,Mass,8.52349648,732,34.6952,0.0778,5280,0.768,0.853,0,2.1,100.588
WASP-84 c,WASP-84,2023,Transit,1.95,15.2,Mass,1.4468849,1329,1452.18,0.02359,5280,0.768,0.853,0,2.1,100.588
WASP-85 A b,WASP-85 A,2016,Transit,13.89916,402.05495,Mass,2.6556777,1452,640.3258,0.039,6112,0.935,1.09,0.118,,141.887
WASP-88 b,WASP-88,2014,Transit,16.36514,133.4886,Mass,4.954,1772,1489.5543,0.06431,6430,1.8,0.94,-0.08,3,523.756
WASP-89 b,WASP-89,2015,Transit,11.65736,1875.197,Mass,3.3564227,1120,278.8533,0.0427,5130,0.88,0.92,0.15,1.3,290.946
WASP-90 b,WASP-90,2016,Transit,18.27067,200.2329,Mass,3.916243,1840,1704.4939,0.0562,6430,1.98,1.55,0.11,4.4,466.433
WASP-91 b,WASP-91,2017,Transit,11.54527,425.8922,Mass,2.798581,1160,332.5562,0.037,4920,0.86,0.84,0.19,,149.942
WASP-92 b,WASP-92,2016,Transit,16.376349,255.85315,Mass,2.1746742,1871,1622.2528,0.0348,6280,1.341,1.19,0,2.29,575.889
WASP-93 b,WASP-93,2016,Transit,17.900773,467.2101,Mass,2.7325321,1942,2531.1336,0.04211,6700,1.524,1.334,0.07,0.7,370.284
WASP-94 A b,WASP-94 A,2014,Transit,17.71022,158.915,Mass,3.95019,1604,1009.38,0.055,6170,1.48,1.67,0.26,2.7,211.211
WASP-95 b,WASP-95,2014,Transit,13.78707,457.6752,Mass,2.18467,1570,2841.0562,0.03416,5830,1.23,1.46,0.14,2.4,137.544
WASP-96 b,WASP-96,2014,Transit,13.45,152.55,Mass,3.4252602,1285,517,0.0453,5540,1.05,1.06,0.14,8,352.464
WASP-97 b,WASP-97,2014,Transit,12.77826,432.2488,Mass,2.07276,1555,1414.87,0.03303,5640,1.08,1.18,0.23,4.8,151.068
WASP-98 b,WASP-98,2014,Transit,12.823096,293.03926,Mass,2.96264036,1171,269.8828,0.03762,5473,0.741,0.809,-0.49,2.7,281.742
WASP-99 b,WASP-99,2014,Transit,11.43318,772.3269,Mass,5.75251,1480,2005.426,0.0717,6150,1.64,1.21,0.21,3,158.66
WTS-1 b,WTS-1,2012,Transit,16.7,1274.44,Mass,3.352057,1500,554.9183,0.047,6250,1.15,1.2,-0.5,2.55,2346.01
WTS-2 b,WTS-2,2014,Transit,15.277867,355.9696,Mass,1.0187068,2000,2544.6509,0.01855,5000,0.752,0.82,0.2,0.6,1030.768344
Wolf 327 b,Wolf 327,2024,Transit,1.24,2.53,Mass,0.5734745,996,233.9,0.01,3542,0.406,0.405,-0.17,4.1,28.5321
Wolf 503 b,Wolf 503,2018,Transit,2.043,6.26,Mass,6.00127,790,69.6,0.05706,4716,0.689,0.688,-0.47,11,44.526
XO-1 b,XO-1,2006,Transit,12.77826,263.7989,Mass,3.94153,1210,321.85,0.0488,5750,0.88,0.88,0.02,0.9,163.553
XO-2 N b,XO-2 N,2007,Transit,11.130537,199.91507,Mass,2.61585906,1328,428.036,0.03666,5290,0.998,0.96,0.37,7.8,154.273
XO-3 b,XO-3,2007,Transit,14.79585452,4217.582961,Mass,3.19152309,1890,1161.72,0.04815,6970,1.523,1.449,-0.159,0.97,213.053
XO-4 b,XO-4,2010,Transit,14.01125,451.3186,Mass,4.12508,1630,1112.27,0.05524,6397,1.45,1.1,-0.04,2.1,272.655
XO-5 b,XO-5,2008,Transit,12.78,378.2,Mass,4.1877558,1230,397.4799,0.0515,5430,1.13,1.04,0.05,8.5,276.211
XO-6 b,XO-6,2016,Transit,23.20263,1398.452,Mass,3.7650007,1577,580.386,0.0815,6720,1.93,1.47,-0.07,1.88,235.479
XO-7 b,XO-7,2019,Transit,15.389957,225.34147,Mass,2.8641424,1743,1540,0.04421,6250,1.48,1.405,0.432,1.18,234.149
pi Men c,HD 39091,2018,Transit,2.0189,3.63,Mass,6.2678399,1169.8,309,0.06839,5998,1.17,1.07,0.09,2.98,18.2702
